Transaction_GUID|PersonID|FirstName|LastName|DateOfPurchase|Transaction_Value
16295291-7947-486f-ac28-4442b26cde28|1|Ella|Bond|2012-09-18|1466.45
f048c501-c63a-4e10-8211-9ce8111fe724|2|Sonia|Rees|2009-10-13|9371.97
0826f5cf-9c91-4286-bdb6-74df07a52e46|3|Colin|Mathis|2016-12-08|3873.04
e4a19d2d-f8f5-4cb5-833f-eb97c92f967f|4|Christopher|McDonald|2013-07-28|6110.9
f60f73ad-c038-4781-bb4d-3b59dc70a486|5|Hannah|Short|2017-07-29|5418.69
62a84178-627c-4d4c-93e9-3afc356a6211|6|Charles|McLean|2015-05-05|4029.63
cca1582b-e3e8-4383-ad6c-ec029afd14ae|7|Melanie|Churchill|2013-10-14|3762
b6f588b7-7d73-43e5-8186-d8f82647cb57|8|Zoe|Morrison|2013-01-07|1061.13
ed610607-5af0-4d64-b158-e9382939aa9e|9|Frank|Hill|2018-11-21|4956.54
62e2f3b1-62d2-442e-9b7f-08c1cc5ddd36|10|Sally|Pullman|2014-01-02|9263.23
a3ec37b6-214f-4e98-a9ef-154c722afb69|11|Anthony|Randall|2012-01-22|5199.59
3d25461f-6257-4d7b-b3a0-d3bc3c583975|12|Molly|Avery|2014-02-02|4604.11
369a789c-3e27-4ecc-8217-c0c79be46838|13|Penelope|Arnold|2017-06-21|5608.87
c24f4b5a-a111-4f8d-aeb5-84b19827308b|14|Oliver|Brown|2014-07-01|5092.08
1ed73b5f-2c55-4c13-990e-9ca6e398dee8|15|Christian|Carr|2010-05-28|6557.3
b5a22ff2-0443-4650-83f3-05d37ccd6d2c|16|Neil|Young|2015-10-03|503.97
3243ed92-4987-461f-a5b4-cf1de1bb8e33|17|Felicity|Lyman|2017-04-14|9928.12
4526ab9d-2406-4c10-9a49-4deabe4a11b2|18|Austin|Quinn|2017-09-03|6552.13
925e8499-1946-44f8-a63c-6003476d84b6|19|Alan|Quinn|2013-06-10|4420.35
190060ee-7008-4ae6-a070-22492f1655be|20|Elizabeth|Poole|2015-01-14|7604.86
056d94f6-c94d-459f-bf4a-3c03f02a3cf2|21|Peter|Buckland|2009-11-24|2750.1
e0b526e8-f767-41cf-bde3-7d5acca2ffe1|22|Irene|Newman|2010-08-27|3912.34
3e42ddfb-cf05-4a53-8e0c-fe9852aa0d90|23|Ava|Berry|2018-09-16|3747.53
8b60ec03-5244-414f-b946-c229151bd4bc|24|Una|Piper|2018-10-26|6210.89
e285cda3-aff0-4c9b-adce-dedc4d03e0ef|25|Joanne|Morgan|2018-09-17|2078.69
a1142ce7-7e24-42bf-9577-a7faa94b039c|26|Abigail|Lyman|2012-06-29|5840.29
74c0bf9f-1568-49f3-8ded-05074e0c885c|27|Dylan|Morgan|2011-04-23|5533.68
0c17ce80-7c29-4cb0-912a-f6f1b97a59d5|28|Michelle|Ferguson|2015-12-16|2760.35
ea759a54-cb58-4712-bcfb-4b07c35c1ecc|29|Benjamin|Arnold|2015-09-01|2758.34
d3656e6a-e636-46e3-bcd3-c534f3e2324b|30|Leah|Terry|2017-05-19|5960.01
4a58b6d5-60d8-4eae-bf5e-368f580845f7|31|Edward|Sharp|2011-08-25|6947.94
074a8d2f-a218-4dc7-8800-e9015958e410|32|Deirdre|Berry|2016-04-10|3330.8
1483ca7c-dc97-4546-90e3-d07c0646e22d|33|Paul|Taylor|2013-05-31|6037.83
2d6e703d-3ee1-49d1-92ca-2aab63d7e8f1|34|Dan|Mitchell|2013-05-22|3421.28
7004e399-cad3-45b3-a923-ade8cc884ca9|35|Bernadette|Jones|2017-09-18|6308.3
f9e42a2f-0966-4966-b080-2d64f8aae0f0|36|Nicola|Langdon|2014-04-18|6378.02
418fe155-cf3e-41bf-9cf8-b004a5394d20|37|Steven|McLean|2013-10-29|2896.6
e2904227-be5e-4d43-891a-2207704a27a4|38|Madeleine|Dyer|2016-06-08|6447.13
3cfd93cb-9046-40c5-9702-482661467245|39|Harry|Young|2012-07-02|2544.93
3c259ec4-4cdb-4639-b057-95341da9a6d2|40|Bernadette|Hunter|2017-08-01|8804.25
13576468-8f33-4144-95c5-7cdc35e80109|41|Faith|Berry|2016-04-15|2233.49
4b9d331a-ed0c-4c6e-a3f0-8dac806dafed|42|Eric|Ball|2014-01-12|554.85
ca7c76d5-55c9-4391-b8f6-52b71a428777|43|Liam|Peake|2010-10-03|4480.91
cbde4db1-3b70-4db5-9c47-8903db2be211|44|Wendy|Avery|2018-03-02|7417.14
d49fc6d2-b774-428c-bd78-bd1e5b6e8571|45|Frank|Skinner|2014-02-28|1000.9
c2ebeb35-042f-49c9-9595-bffdd733a0b0|46|Joshua|Clark|2009-09-12|615.8
2d5941b7-6a9f-4387-89d0-a3ec4d2f4ba3|47|Joan|Ince|2009-10-10|899.55
3b77501e-51ec-4b62-9699-fcc94c0dcad9|48|Nicholas|MacLeod|2009-06-15|6108.53
8da6c0a8-98c8-43ba-a9ee-66cd72c35111|49|Connor|Allan|2016-10-18|4498.83
698402ad-64fe-4928-a701-17a3af9e6905|50|Alexander|Rees|2014-07-22|3865.57
aa944e19-dc59-46e8-9304-be103a7f6df6|51|Owen|Tucker|2017-10-27|6120.69
81a6859e-b7e0-4b9b-b6ae-3e36adee81c9|52|Chloe|Stewart|2013-05-12|2857.41
9ad6d6b5-3455-436a-b4e2-46c06a4e1116|53|Angela|Robertson|2017-11-16|7450.8
b768432c-e5d5-4d3e-9245-74971f5435fa|54|Felicity|Skinner|2016-09-14|5081.71
1de057e6-39b8-43b5-9af1-506a036e4395|55|Kevin|Martin|2015-10-20|9533.69
9921e058-d4d8-4d33-8f28-bd5d55be5bce|56|Ruth|Grant|2010-11-01|6169.56
74d6440a-a0e6-4e8a-9ddb-71e61f2cab9b|57|Neil|Butler|2016-07-02|3655
6fb108d6-c633-4f26-b48d-60e6dcaa7028|58|Andrea|Young|2016-11-29|4930.24
2115ce55-4269-457d-9b4d-b86c7acb71fa|59|Dylan|Walsh|2015-07-06|3084.01
cbdb0ea8-00c3-410e-a9b8-7a86e7f2a8c5|60|Una|Nolan|2018-01-03|5382.81
a757eb2b-ca2b-4a8e-8e29-98e33e0d5a54|61|Sean|Paige|2009-05-26|1534.45
9d542260-a660-49d2-ba57-a8bc8c54e6d9|62|Natalie|May|2013-03-01|8267.2
ee0c3c3e-cca7-4bed-a37b-0c7c527994fd|63|Andrew|Butler|2016-03-08|7346.34
e3b68e4d-58e7-4c43-94af-d6f268280562|64|Ryan|Buckland|2012-07-18|2238.62
585645b3-a503-4acc-ab41-17a744844d47|65|Peter|Thomson|2016-10-20|9076.43
a301d2e4-b26c-40d1-bdee-c8aee7d1be0d|66|Irene|Vaughan|2010-07-04|1727.51
abeb87c0-5d4c-4d8b-a6d4-84b933d16c09|67|Bella|Piper|2015-06-15|3651.35
c4839b4d-3ba4-4230-962f-3389fdb77b30|68|Paul|Gill|2012-12-24|1547.15
3dbbcb03-8ed2-4e42-a7b5-d2745c819efd|69|Sonia|Metcalfe|2009-11-19|5050.67
74d246df-a11a-47ff-8135-d77c48d5e7bd|70|Eric|Dyer|2011-07-06|3388.87
331caeff-a786-48cf-935a-377491c3b3bb|71|Carl|McDonald|2016-01-28|7496.99
5f648bd3-f6b1-409e-8de5-1e303f9cf230|72|Boris|Harris|2018-11-09|6777.1
9633175f-2ab9-4c34-9de6-65658e02a87f|73|Molly|James|2011-08-20|3431.69
0d12acc9-8b5b-4761-82b0-b9a267757a68|74|Sebastian|Burgess|2014-04-14|8822.9
00b43c7d-9b14-4dba-8a2c-e90fd944731c|75|Samantha|MacLeod|2017-05-17|9326.65
88f4f0ed-9be0-4418-9fe8-8b0534d4fd97|76|Blake|Mackay|2011-11-20|2823.41
aa8396aa-7ac2-4651-b5a8-cca05c22baa8|77|Thomas|Lewis|2011-09-18|7704.72
6ec9255e-defc-47cc-973c-1c651e16e381|78|Jason|Howard|2015-02-06|4975.97
278644c3-36e1-4a9c-b41a-a4d68385baa7|79|Stephanie|Watson|2010-05-26|4927.73
2040f30e-0b53-46ba-8796-c570235b3641|80|Richard|Gray|2018-03-05|5217.76
ddb8c8d3-d810-4697-a493-5ab17f5bfeeb|81|Alexandra|Ball|2012-08-13|9609.42
05eb8973-c294-4b87-b15a-3979ebb431df|82|Mary|Slater|2016-01-23|5738.74
2762e7ff-b878-4b20-8883-0f7a5e186513|83|Elizabeth|Randall|2010-09-18|2312.28
322bf810-6842-481d-8f6f-97f21aef124e|84|Alison|Rampling|2010-03-17|3401.89
09f5d533-f3cf-4dea-acfe-ba7b76923a93|85|Gabrielle|Henderson|2017-02-03|7679.73
e84c99e7-ea7b-4df3-a45f-f24322d9ba9f|86|Carol|Hudson|2014-01-14|9863.58
18839de0-7adc-490b-a887-39bd1bd0e141|87|Mary|Peake|2011-03-04|6027.59
f9e11788-a56d-4591-8593-1d41fb2d6fdd|88|Samantha|Ross|2016-05-11|6777.44
33e42dcc-9d8c-4921-8945-5637427f6e9e|89|Jessica|Vaughan|2011-03-12|5359.57
a0f22459-5227-4fee-a5b2-994264541d36|90|Ryan|Parsons|2015-09-07|2394.59
5a3baeab-0304-473f-9945-ba567336d9e0|91|Fiona|Terry|2018-08-08|5013.04
d7b3f4db-92d2-4a62-bb1a-25695bc22077|92|Isaac|Lyman|2013-10-17|6805.16
43d5304e-4af6-4898-b3ab-3e277703298e|93|Heather|Short|2012-09-08|4143.98
93dc7253-457e-41d7-9bb0-e8f5ceb53671|94|Carol|Sutherland|2016-09-03|2861.47
6e36203c-7a45-4f43-b958-6b859368f8cc|95|Angela|Young|2011-01-16|5668.15
69226397-b3f9-4ce4-b62a-8e5c7c3c66ff|96|Diana|Coleman|2013-06-14|5975.87
30e3813f-1f9c-47b8-bedd-276010983351|97|Colin|Brown|2012-09-23|7875.6
29ac932f-1f94-4d7d-98d5-2ab08ecce518|98|Penelope|Reid|2011-11-25|8267.01
d27261cb-77c7-4ee8-88a4-ce19242cb000|99|Oliver|Walsh|2017-12-15|3623.83
9a1fc8c2-07d4-4ce5-84a9-1e77be753a05|100|James|Grant|2009-04-20|6975.55
0bb40963-8597-416b-961d-2d689ba83cd1|101|Joshua|Mitchell|2009-09-15|7730.58
b67844fe-ca19-4f0e-9362-8cc83c474758|102|Neil|Glover|2009-06-19|411.37
3cdce9a8-a95d-4543-a8ff-fbe2b9610fc0|103|Maria|Springer|2016-04-23|717.41
55577118-75ad-45c7-bf25-094d1c9613f4|104|Joe|MacLeod|2012-10-01|1765.05
72f3f459-4a1a-4748-b2e4-185e3069764d|105|Harry|Bailey|2014-08-06|8269.44
ad9a7539-bac2-4b8e-8ee4-520ac520a6c2|106|Julian|Ellison|2012-07-17|4875.1
3dd6a37c-2283-4258-8c7d-9345f509c631|107|Bernadette|Cornish|2010-08-13|7803.48
e1054cfd-0376-4ec8-aede-6c98d9dfe05f|108|Wanda|Bond|2016-01-08|6493.53
9aa29d8e-2ca5-498d-955c-887e5f6d7e0a|109|Gabrielle|Glover|2017-09-05|2291.49
cedc927a-a4bb-4ecb-8370-f10bf3f49119|110|Carolyn|Graham|2015-07-07|8752.81
13d8d37f-e720-4cea-b5bc-62f4030ad380|111|Dorothy|Chapman|2012-05-04|8353.88
508937be-dd4e-4f13-8b7c-87bc47c2df79|112|Victor|Lee|2012-04-18|5787.56
45d4480f-f6f5-4fd3-80ee-838601ad935a|113|Wendy|Tucker|2016-10-22|4795.13
513002c8-bbe7-44b4-a64e-7d4ead477753|114|Edward|Duncan|2015-01-01|4217.6
fca6e69e-60bf-4dde-9cd4-2e18027da8c4|115|Michelle|James|2011-06-02|8926.02
486b808b-0b7e-45e5-9fe1-d9578eb74105|116|Jake|Cornish|2015-10-05|4557.36
819fd734-7ba5-457f-b33c-b5887aea82a5|117|Carolyn|Welch|2010-09-04|5360.02
392fa205-a19a-4d36-abf7-12e62ac9d478|118|Phil|Hill|2010-01-20|1013.99
bb838da6-e07d-43ff-b31c-f44e73f5aff4|119|Victor|Anderson|2012-08-06|7892.22
1ea6555e-6b50-4c1b-a86c-6f9d44952ddc|120|Rebecca|Taylor|2018-04-25|2218.57
a86e536a-f94d-46c8-8fc1-163befd0e347|121|Ian|Ball|2014-04-03|7429.16
7b726bbe-08fb-4a9d-be87-7e151e921944|122|Leah|Howard|2015-09-08|5456.12
afd38cc7-161f-4f04-bac0-fd0d27db3f77|123|Blake|Marshall|2013-08-10|5953.98
883c77ee-174e-47a7-b65a-7f2dc40922de|124|Robert|Roberts|2011-03-01|4634.55
838e09ae-850d-42a6-8877-7db210f95934|125|Jack|North|2015-05-05|8031
20452811-08d3-4c8b-ba17-7273168b830b|126|Piers|Dickens|2015-03-04|6092.48
a8592b71-f543-4c53-80c6-2157120b9b31|127|Colin|Lewis|2009-09-23|6783.23
c29eb24b-df34-4d89-ad46-2259b8537de7|128|Abigail|Davies|2010-09-12|6658.14
61bade84-178b-4f35-8eec-308a01987f51|129|Tim|McLean|2012-06-15|192.37
13dd17c8-f09e-4115-b59c-4757c22f4848|130|Sebastian|Hill|2015-09-17|6114.78
59061c85-d80f-4d72-a718-579377cc54b3|131|Jonathan|Anderson|2017-11-28|7843.19
61b00b18-ff02-4103-a56f-1bb0135b1416|132|Sally|Langdon|2015-07-09|9413.84
470fef38-06f9-41af-924d-397aeeb85671|133|Anna|Simpson|2010-07-16|9679.27
e1ccffdb-325f-42f6-ad23-d8e4c83302db|134|Diane|Hardacre|2014-06-09|516.86
7a589c2d-4cb1-46b8-9446-f015b6913666|135|Kimberly|Stewart|2013-06-16|5283.73
fd514eb3-1e14-4ab2-96b5-cdf872d3a4e4|136|Fiona|Alsop|2011-09-07|3286.21
e653b84a-2ff5-42dd-9659-a042232cb323|137|Eric|Peters|2013-07-23|9137.74
547997d4-a642-41d4-9115-cbbd1bac21cf|138|Blake|Hill|2013-09-07|6806.54
34bc0bce-9df8-485a-a79f-bc226297209c|139|Neil|King|2013-05-03|7731.2
0afa6e8c-6e49-4a3f-b8dd-bc9b82e94eed|140|Jake|Powell|2013-05-01|4338.97
f6cdafbc-7ba1-4250-9bcc-3bc7f9eb86d0|141|Jacob|Watson|2012-05-04|6643.37
378752e6-7cb4-44b8-9672-a80866e18e57|142|Jack|Lambert|2011-08-02|6450.11
0b573b16-4f9e-4241-9e25-b4c3b8ad66df|143|Tim|Harris|2017-05-22|1842.84
c284e6a9-3c95-4dc4-bb57-2f490aeca96e|144|Lisa|Metcalfe|2011-03-26|2675.18
d4b5f9f1-ddcf-4b11-b7b4-07ad1105cbd0|145|Austin|King|2011-02-27|807.38
e5ef0e58-d978-4f9b-9451-189f85a256a6|146|Claire|Miller|2017-08-11|5283.76
c1c290f0-fb8a-4122-9d39-8822b059ef12|147|Rose|Vance|2014-01-16|5528.88
1334bcdd-6d61-4987-9c9d-5556b7fbe77b|148|Liam|Knox|2010-07-10|3830.3
6dac9a20-ec85-4b53-ad5d-4957635f3f73|149|David|Tucker|2013-05-24|8322.27
2efca023-0a9d-47f0-95eb-9db7bd04d17b|150|Colin|Carr|2014-12-30|9126.66
024c0128-2e9d-480c-9a54-02f1576764cd|151|Joanne|Hill|2016-03-13|5970.92
1168a082-a3eb-4164-8b21-7a064eef0864|152|Anne|Gibson|2011-11-30|9434.35
740d60ab-22ba-4844-988d-6119aa21a23e|153|Claire|White|2011-03-31|605.89
568031e6-d5c0-49a3-b756-baa5282a5f64|154|Kylie|Pullman|2010-01-16|8937.03
74c807f9-9e2d-4641-94ac-6fa44453fec7|155|Lucas|Parsons|2010-10-31|8078.56
b65797c1-46de-49fe-b2f5-1bb6a0912825|156|Karen|Hughes|2016-10-03|2546.05
3db62285-c932-4950-9a73-2267bb780617|157|Kimberly|Mackay|2010-04-03|3230.29
579d33aa-67a2-4548-a055-d6664ff464d7|158|Samantha|Carr|2011-11-08|3617.34
3d71df6f-f249-495a-8f0b-6f8027a950c5|159|Penelope|Fraser|2012-05-08|4871.12
5fe9f384-b00d-4b29-8eb1-eb329ad82044|160|Elizabeth|Butler|2016-05-21|3145.62
ebf94d7e-f30c-459e-b581-231bc8e3e961|161|Keith|Chapman|2009-05-20|8416.42
788014c5-1aaf-492f-bd0d-1415ad06f484|162|Jack|May|2015-08-23|5650.88
a69b7169-fda9-4192-8213-5d051d4dbcfd|163|Gavin|Lyman|2013-01-08|9431.73
682dab50-9ef4-43e2-a6ee-ea928c36c68f|164|Christian|Payne|2014-10-23|415.35
b5decfe4-9fc3-4093-bc1a-6509408893b6|165|Stewart|Berry|2011-07-29|4490.76
5983f0c1-be5f-4870-adb9-0b937549d10f|166|Amelia|Arnold|2014-05-01|3681.32
c9d01da1-9159-4718-a04e-644d775ca6c9|167|Diana|Paterson|2011-09-19|1203.86
d268796b-6e8c-42ba-860f-91de6caf4e33|168|Brian|Graham|2015-10-08|6076.9
29cf5b9f-689b-4c46-bddf-0411f02d0b9b|169|Ian|Berry|2010-01-27|1765.78
6b4d5fb0-0cd2-42b5-b3c6-f9886846d616|170|Leah|Gibson|2012-04-12|3550.83
5a06b6ae-00a9-4a67-b893-ff274b093908|171|Sebastian|Ferguson|2011-08-21|3227.1
434b5afd-62bb-49cf-afce-dcafe68da725|172|Adam|Jones|2016-01-21|8051.75
49daf4f1-eb98-4bd7-8f96-4b81ec3a9a11|173|Boris|Skinner|2013-02-05|4420.32
7eda4912-c9c5-4194-a9f2-58114b19a248|174|Warren|Mitchell|2013-08-03|29.01
697ff250-e43e-4142-8c03-fa58afa2b389|175|Blake|Brown|2012-11-04|3525.32
3e5350ce-ac4c-4a7c-b015-e34f7a9b68f9|176|Ruth|McGrath|2015-06-13|9351.03
f3f9e7a4-6d49-4663-9da3-7710549d00af|177|Ryan|Manning|2013-12-19|258.53
0e755f55-3d90-40f6-af79-3b3bc4437876|178|Paul|Clark|2013-05-28|402.55
4f2204cd-4e19-406a-91a4-65b68b722eeb|179|Emily|Hudson|2013-10-10|3540.59
d59b50bb-a031-4ca8-afcb-528232a78ee6|180|Ava|Alsop|2017-03-14|3319.93
2d7ead6d-d2f2-4e34-9612-110ef12788cd|181|Kylie|MacLeod|2014-09-06|9979.16
db8fe9e6-ede6-44d4-be7b-3e07b25cf51a|182|Fiona|King|2010-10-29|590.63
4d869efc-8297-4cfe-be59-7eb952d4823a|183|Jake|Gray|2010-11-13|6885.96
6e3633d9-977f-4012-991f-0f63a10929f9|184|Stephen|Vaughan|2016-04-16|5160.99
92f31a61-19af-4d92-a51c-f0497eacb31b|185|Irene|MacDonald|2009-11-10|3793.97
cf56d9bd-c3df-4d8a-b774-de4e4b2b15c7|186|Anna|Young|2010-05-15|3437.15
0989bf08-5798-4e36-bc5f-f0da089993ce|187|Lucas|James|2009-12-22|161.21
48a4e0ab-8e9d-4540-9f78-38ba3f8e8640|188|Benjamin|Ross|2011-08-21|8909.66
1e6332a2-27cb-47ea-b731-a750c3717970|189|Rebecca|Randall|2016-01-19|5280.93
23a81f8d-342e-4c15-a837-70cd720b13fe|190|Boris|James|2009-12-18|2758.39
93500189-5450-4f2c-aed7-48e384bde8fb|191|Sean|Vance|2010-11-02|1533.88
ac1e35fd-2af0-4baa-9026-af657ff5fe5e|192|Carol|Walker|2015-09-19|52.08
a985d196-ac6c-4d3c-84d3-5f8c0d52e8ae|193|Lauren|Paterson|2009-07-11|8346.46
96686e65-6da8-4fa3-9c81-aa02845c4544|194|Pippa|McGrath|2016-04-08|703.14
a7ccabc4-1688-46fe-a869-04dffc64134b|195|Yvonne|Knox|2013-04-20|3756.39
99c75f3e-c50d-4934-9718-e237e38e0918|196|Dan|Lambert|2018-01-08|5298.89
96fe97d5-9a37-4715-8d2b-621dc35efd08|197|Thomas|Ogden|2015-04-24|1304.19
b3522e1f-6124-47e8-833a-f1b50074dedd|198|Victor|Burgess|2010-11-25|1468.72
6340c6f4-c55e-4380-b0a9-7785e4f319ca|199|Warren|Underwood|2017-06-03|4042.92
7f0a7fb7-45f2-465b-86c1-8cc6b42919db|200|Virginia|Greene|2016-12-25|9485.19
98683715-a6c2-422b-8575-e5f856ea7a11|201|Austin|Wilson|2017-08-26|9633.84
cf9468d4-8bbe-4448-9cff-152de6e04d48|202|Dominic|Davidson|2014-06-22|8267.68
8948588a-9edd-4863-ae53-1fc053f1d862|203|Fiona|Paterson|2013-10-17|8652.76
8f205e5f-ebe5-40d7-b9f9-dbb93c77fcef|204|Dan|North|2017-12-05|8699.91
866d2bb2-c72d-47f3-961f-f1d96e967ff3|205|Harry|Glover|2014-06-03|995.74
32934a36-e6ab-455a-8a85-85a561080960|206|Olivia|Jones|2012-12-21|9987.28
11cf1dcf-92e4-4a76-9308-1e18dbd972d4|207|Yvonne|Ball|2018-04-22|4400.16
af8cbd53-0b34-4dee-8e70-cc28ec6a3960|208|Mary|Kerr|2013-10-19|6771.55
749a4a83-a783-4159-a095-67ce48780105|209|Nathan|Wright|2017-07-18|1500.81
6a09b56f-5b91-42b6-8010-bdf1fc0e47b3|210|Christopher|Coleman|2009-07-12|458.93
33b26670-44cf-4f90-83ec-a9db015424a2|211|Wendy|Stewart|2012-11-26|7618.79
14622711-7fb3-4a16-948b-f9249a2f8f86|212|Liam|Hemmings|2010-06-14|2022.41
43ff4b65-21ad-4482-b288-85704f967307|213|Alexander|Chapman|2017-05-01|6444.52
567fbdb4-df4b-478c-8710-6793be504f85|214|William|Young|2017-08-26|6276.18
397889c9-74ec-4ba2-9d3d-784680710041|215|Adrian|Lambert|2015-12-09|3387.38
a4772869-96be-4e04-88a6-fdd188e0faeb|216|Deirdre|Scott|2015-09-08|4350.38
1677c7ad-12cf-437a-9bf8-7136df438b93|217|Jennifer|Mackay|2018-01-24|1775.37
4a986afc-381b-4574-882b-56a93f3ff8be|218|Julian|Howard|2012-12-20|4491.47
eb5d8a47-abf8-44bf-a2d7-b375ca8f4e63|219|Richard|Short|2011-10-24|4654.26
cd6d9c6b-a9ca-4a82-adc5-aa8676141d01|220|Brian|King|2016-09-18|5547.84
93309a37-56b8-4709-be3a-6d4a7f6ecf3e|221|Andrew|Powell|2010-06-29|9808.88
bc1e05a9-d8f6-424d-9d41-b8ab54cc3193|222|Kimberly|Powell|2017-04-01|5852.8
5c3906a4-2af4-4e8c-b98e-466fde1e96bf|223|Rebecca|Bell|2010-07-14|3491.26
bb96282d-306c-4a85-9d81-d5bee19ee5f1|224|Paul|Mills|2013-01-21|8890
96a512e2-de2b-4522-9653-e1614fe1a288|225|Ian|Arnold|2014-06-11|9869.31
86a1d7e2-eb04-4f5d-902b-1fdc43c5a9fb|226|Carolyn|Newman|2009-09-14|1165.2
2aaaefbb-fa90-4eba-b066-8bddf7d844f6|227|Anne|Young|2018-08-30|6355.83
c42a646b-3937-4d9e-a121-f84b65778f76|228|Julian|Dyer|2015-02-26|5565.64
05e090d4-d675-4818-a0ff-69e7ddf43ccb|229|Ava|Vaughan|2011-04-20|3562.22
81e89da4-a9ec-4799-9a31-927602403c2c|230|Samantha|Gray|2009-10-21|5525.18
05ec7ca5-fa10-4424-945b-38bd7a0f566f|231|Wanda|Carr|2009-02-01|9486.3
e5df0661-44a3-4160-bbc7-4dc75708cc6b|232|Sophie|Ball|2011-02-27|1940.45
be271ee9-e9df-4330-a893-a41bd8a422fd|233|Sean|Glover|2016-04-25|9032.61
3bf61d86-1bf0-4fc7-a400-df6c181fc99b|234|Lauren|Harris|2015-12-15|993.82
f0e41be6-e42e-4736-bb38-f6d38aaccf93|235|Una|Smith|2015-10-19|1294.4
da99e70b-1ce0-4edd-9a9a-58a42dcad79c|236|Peter|Springer|2015-08-05|5243.76
ab077456-b61c-49bf-b7b5-0fb0f4d202a8|237|Carl|Nash|2015-01-14|4181.45
f577e608-e93c-48a1-bff6-ae1f3aeca9a1|238|Karen|Oliver|2016-02-02|9394.75
0cbf1f29-32d5-4805-ba79-ec653a3e7751|239|Rebecca|Robertson|2011-05-13|9496.05
a6829666-e56f-4a30-afe7-51a1a6d85ffa|240|Diana|Campbell|2013-07-28|6414.16
b281c4fa-8474-4251-9108-ee76e8d3ced9|241|Blake|Parr|2014-12-12|2789.18
0b65c6e6-d354-4947-a7df-d37ab3cda8c7|242|Warren|Skinner|2011-09-17|6840.42
e6bcb397-87b5-49c5-a20f-7aca52e40e77|243|John|Lewis|2018-09-12|1110.16
524f9aa5-550a-409a-a9d6-caac32d7db66|244|Madeleine|Underwood|2015-03-12|223.13
c0b3fb84-c08b-459a-b9e8-fd786a4e29bb|245|Natalie|Chapman|2015-05-06|3501.04
87cf9fa0-c4f7-47ec-bf55-3a790fc7b6cd|246|Adrian|Mackay|2018-12-17|4630.8
e82fde4b-690c-46d9-9344-8fc2829c7841|247|Jasmine|James|2016-11-14|5570.37
5597f302-89c0-4c5e-881b-27d849e0ba6f|248|Christopher|Tucker|2016-03-24|4735.01
3dd08fd0-17ce-421d-891b-8abf504810f1|249|Ryan|Scott|2016-08-15|2802.91
eb8446ef-0783-48fc-8b38-a6580b35946b|250|Dan|Blake|2014-12-14|431.02
f188c6fa-dda2-4b26-bbdd-46b8688e96d5|251|Tracey|Arnold|2011-11-14|4987.66
63152de3-9ff6-4b00-bd79-b34b20b0f32b|252|Donna|Simpson|2011-06-14|8299.43
6b7dbacb-de33-48af-b7cf-6599e79b225f|253|Gordon|Roberts|2009-07-21|5380.65
7c60594d-8f39-4f24-aaf6-5a27874205b7|254|Steven|Sanderson|2012-08-30|6566.31
e7b078ac-cde4-4d1d-9377-b2073cfa3ad9|255|Owen|Gill|2010-02-16|3393.66
127f1151-20a9-48f4-b56c-e7a11e516fe1|256|Brandon|Berry|2010-02-21|3078.04
479b1684-9315-4279-bffe-d45888c9be59|257|Katherine|Anderson|2014-09-21|1724.01
2ea223cf-ccd9-4f0c-850f-38aaaf0c20f5|258|Anne|Welch|2013-07-28|9028.34
b6d8c140-5995-40de-a5e2-b177cf361636|259|James|Duncan|2015-04-11|4793.61
bf53db16-4389-43a7-92de-6403fb7228df|260|Michael|Langdon|2011-11-17|3066.78
8fa144d9-0b7a-46d5-8747-88527acd8ccf|261|Joan|Ellison|2014-11-21|2630.95
cbc0e32f-b2c3-4b63-9448-dc9044d1e25f|262|Jennifer|Greene|2018-01-29|3999.26
0b4ac8bf-0755-41e3-b87d-59e7df3420a0|263|Heather|Welch|2016-05-12|6568.72
a4e1a7a4-e19e-4793-8981-c949c8ccd462|264|Virginia|Lee|2017-11-06|8167.87
fc1d576d-9469-40f9-b89c-4db84bb545d7|265|Caroline|Sharp|2013-01-08|8168.96
5ee3d617-49a3-4464-bd1f-4768e6663ee2|266|Peter|Turner|2009-01-27|7313.69
61d58e15-f810-449e-9b2a-10ba1842aec2|267|Connor|Smith|2017-12-25|7685.08
834de631-1ce1-405f-b727-13d7488e96bf|268|Boris|Martin|2015-01-10|7609.59
5d00d02a-9aa4-47e6-bb25-516e3bb06da3|269|Joanne|Duncan|2011-08-09|2615.37
a5f007cf-13d5-42eb-8baf-336f08442144|270|Carol|Alsop|2014-04-13|2443.73
559ccf96-49b9-49aa-86da-618226bf8a57|271|Nicola|Sutherland|2015-02-01|5769.4
065e5e6d-9400-4258-8f57-91a593317dcd|272|Michael|Newman|2018-06-06|4127.65
3a2cd4f4-4599-474f-9a19-94c38d5e0a16|273|Kevin|Kelly|2012-11-07|2585.56
7a3431ec-8435-4e2e-baee-6fcec27300ef|274|Grace|Hughes|2018-03-23|8645.5
a630725f-0205-4e00-a850-50f5da540cba|275|Lily|Hardacre|2017-12-12|331.65
e0cea0fa-aaf9-4e62-b259-f51b0f68c26b|276|Rachel|Davidson|2012-07-29|4176.99
0b6fadcd-417f-4789-9c41-d8f7c21f0a1a|277|Joan|Smith|2012-06-24|7012.4
faacde47-6f7e-4104-a312-b2acf8e26bc4|278|Connor|Payne|2014-08-03|7133
6a1c5042-532a-4864-83df-450aae98414c|279|Wanda|Randall|2009-12-09|4738.07
76143011-e5eb-44ee-9e41-682e4c541568|280|Thomas|Clark|2009-12-22|3672.13
7f50da9f-67af-411a-9acf-3246765d655f|281|Wendy|Glover|2012-08-06|3554.58
a17a9b6d-b502-46ed-822e-1b49b43b68cc|282|Julian|Hart|2016-01-15|2775.13
a9d4d8ba-0280-4363-bac1-4233032e5824|283|Maria|Bower|2010-07-20|7091.12
b5a6f419-b6f9-4307-aa21-7c510e0a38be|284|Amanda|Johnston|2016-03-22|4964.97
1b1309b6-a60f-4a32-9052-72296a29ed99|285|Michael|Ferguson|2012-07-01|3162.28
5e235566-2742-4c90-ad3b-24230fb8b344|286|Andrew|Hudson|2016-12-25|5136.58
3815b321-133d-4f81-a089-3915f65b947a|287|Wanda|Chapman|2015-02-25|273.67
39c01461-3cff-4480-9e18-730d457a61a9|288|Ian|Harris|2010-07-31|2215.48
30c293c8-f76b-4e0d-b603-3ed85a7b4300|289|Jasmine|Mackay|2009-10-06|492.33
c3c68984-b9f3-4a21-a223-ed42948661ca|290|Sarah|Reid|2018-07-16|2789.78
df65c8b1-7c3a-440c-9272-970461a28fa3|291|Pippa|Dickens|2016-05-06|2186.47
9bdccb92-933d-4649-8e0f-54e17952db6b|292|Deirdre|Nolan|2016-10-26|2371.14
976299eb-469b-4ca6-a645-3c4eaafd118a|293|Virginia|Vance|2011-03-28|1172.66
e0c97f3b-c8dc-4869-8901-aa8d17899492|294|Olivia|Springer|2009-07-04|7.81
9969cbb0-b3c9-47b0-88a4-a21e2a5a09e5|295|Joshua|Wilkins|2015-07-22|192.02
855750c7-d733-4293-babd-4f682aa2b5c7|296|Emma|McLean|2010-06-12|7494.23
d71cde79-3feb-4d02-881c-414459c15cc9|297|Karen|Kerr|2013-11-22|6600.33
5040622c-937c-4b02-a1ea-a03976b10ae2|298|Diane|Chapman|2012-01-24|7993.94
2179a8a0-394a-47a0-84bb-fe978e5a7b06|299|Andrew|Reid|2010-12-07|9955.41
9343d9b4-9cbe-4220-8929-d5ce1473a37f|300|Tim|Chapman|2018-09-10|6329.82
6b53529f-c42a-4334-a5dd-1963f8d3c530|301|Dylan|Ince|2013-09-26|7488.49
b5d8d442-53db-4d94-9dfa-a4dcbcab1399|302|Thomas|Lawrence|2012-10-04|7960.44
1bab6e59-10f5-463e-bdf7-51e456b96371|303|Steven|Short|2011-03-13|137.68
f257b365-f024-4205-9ed0-c7cd48a4bcc6|304|Stephen|McDonald|2011-05-26|8901.71
e70205bc-0f9e-4399-b9e0-75c363650ad7|305|Sean|Randall|2011-09-06|9715.49
36e43467-7065-43da-8522-c71350140aab|306|Luke|Newman|2011-10-12|9396.56
2d9c377a-ad5f-4766-ae8c-4c270a083066|307|Gordon|Morgan|2012-05-11|1143.34
c0690ce0-1a97-4ffe-a3fa-98e2958c4cfc|308|Joseph|Glover|2015-04-18|153.14
06ce5218-447c-4979-abf1-936a31c7bb03|309|Rachel|Black|2016-04-01|6626.83
54f4ab82-c934-4982-9ae0-05b16c8b3a81|310|Joanne|McDonald|2009-01-30|6599.03
a81dc5ef-6d1f-4e26-91ff-84eca8c63150|311|Gabrielle|Randall|2018-03-24|1085.5
41704d3d-1602-4ef8-b3cd-2c44a6813347|312|Rose|Howard|2009-01-15|2931.14
75df1e2f-337c-4c3c-b4aa-e310ab67b391|313|Olivia|Campbell|2010-03-31|4490.49
153fa36c-c578-4b7b-833e-56cb1793d080|314|Andrew|Parr|2011-02-28|9267.77
78cbf126-cbec-4f0f-badf-4f951cceb57d|315|Wanda|Lawrence|2011-03-24|8136.05
8b2cbffa-4c5f-4d1b-8aae-50552bc28d08|316|Sebastian|Carr|2009-01-06|367.3
15357ffe-0a88-43bc-88f9-0c4a67bf3542|317|Matt|Graham|2013-05-05|9924.62
4233804d-d0a6-412a-a1ac-3c887c0ce931|318|Mary|Henderson|2017-01-13|2698.49
fbf6ae23-4d44-46d5-9a91-703677b16920|319|Liam|Hardacre|2012-07-24|8528.21
2ff3b3c4-a627-4451-ba28-be9a425d603b|320|Natalie|Gibson|2014-10-25|6621.73
5e7a1fb7-734b-4087-a2c6-5958910deaa4|321|Molly|Bell|2017-10-19|104.08
177e68de-b7bf-4d9d-9541-ea9dcfa001e7|322|Robert|Edmunds|2014-09-14|3889.69
f7bb98f4-9364-44b0-980d-f0c7cebe21ca|323|Joanne|Harris|2014-07-23|5826.67
ef21cb37-a50e-4826-abf9-c33002d911fb|324|Joe|Parr|2018-03-04|2847.45
dcf6e9c2-49e4-4c23-ada2-a7eff9769d70|325|Justin|Reid|2010-05-31|2246.31
9ed53fc6-4aed-4221-981f-be5d550deca5|326|Andrea|Gibson|2011-01-01|9181.65
515b5b48-8942-471c-ba6e-854f74d19baa|327|Felicity|White|2014-05-31|8983.61
d7b2559b-689a-4973-b0b2-31366653cdcd|328|Faith|Gibson|2013-11-28|2910.58
bb0c1c02-7b98-41e6-aea6-ff6c13cfe25f|329|Angela|Peake|2013-03-29|6332.26
96f6a332-89ee-4e22-b4c0-cbd678c5f0d7|330|Samantha|Clark|2012-11-13|7051.01
051da191-b512-487d-9f73-a6b6368f0739|331|Yvonne|Nash|2017-12-18|1012.84
621dff4a-8363-452c-b668-18a8c9222c15|332|Julian|White|2010-10-12|9980.08
b6d23861-8ad6-419b-add7-c5b8e94839e1|333|Vanessa|Young|2011-01-19|6329.31
1df16b75-39e2-4af9-9630-6dee9d49647a|334|Joshua|Clarkson|2012-10-15|4204.88
6550f7a8-3a37-4592-ae62-9ba2486c1d18|335|Virginia|Grant|2009-07-01|9350.95
8374cea0-cda9-41f0-b39f-d9060e7be0bb|336|Andrew|Dickens|2015-03-04|9170.08
957aef5b-8786-4480-9e3e-6e06c1d1e65a|337|Oliver|Ball|2014-10-29|653.74
e9369349-6b20-495e-b0d7-f9887b402db6|338|Rachel|Hemmings|2010-01-10|251.85
ab6fa9d8-1730-4b61-818a-0946729c4985|339|William|Dowd|2014-04-04|3384.37
b1ed94b2-4dd9-4281-9d12-638833a8a27f|340|Yvonne|Chapman|2012-10-16|3252.94
b9ec7d7f-fd0a-4a75-a90b-d79049b63845|341|Anthony|Knox|2011-05-11|4567.51
d0571af8-398a-4292-bc06-cc4d150a2301|342|Amy|Dowd|2018-11-11|4719.5
0db18fdc-f999-459a-9989-c0e045596440|343|Ian|Cornish|2013-07-19|7956.47
afcede82-396b-4233-a39c-0b6d46c2747a|344|Colin|Ogden|2012-01-07|752.7
a89e188f-1256-4b4a-b89a-28f3f2978186|345|Elizabeth|Vance|2016-05-15|5097.47
dfda48e5-bb55-44f5-824f-f49bb5269277|346|Claire|Clarkson|2017-10-14|4731.04
a33da91f-dfa1-4d51-aab6-4b58b19d0bf6|347|Fiona|Carr|2017-11-29|1603.78
08607b65-a688-496e-82c2-cdf2eceda086|348|Leonard|Avery|2013-09-12|8296.28
cbd7724d-cce7-4f75-be53-f7eb5b84dcd4|349|Jacob|Welch|2014-05-21|8722.6
9ce785c0-6da8-4547-8054-4be95be1b2c2|350|Isaac|Lee|2012-10-14|8085
ab3b0a55-9e7f-4938-8211-253bbcdfb770|351|Samantha|Berry|2015-03-25|1094.1
e25b5db4-b337-4939-b660-e47560e0302a|352|Carol|Abraham|2015-11-25|3287.31
d5bf59b7-80fd-4bc6-9c72-ccc003877224|353|Lauren|Alsop|2010-03-21|1221.1
2f4a392d-a2e5-487b-ba37-b2f80b278cee|354|Bella|Bond|2010-11-06|5615.24
4586c6db-397e-4f40-8b61-0f943ffc802e|355|Stephen|Mathis|2013-10-29|2288.21
da9600df-138d-4a09-a9b6-78e6db76f094|356|Andrea|Piper|2018-05-01|3540.91
ea82e263-f5a8-4361-8a04-6e320984a180|357|Melanie|Greene|2016-11-20|8362.8
fd57cd25-bdc7-4cb5-b090-796dd9871c18|358|Justin|Burgess|2016-04-17|4879.07
289b2b07-4b29-48d6-8423-28a6039d138c|359|Edward|Hudson|2010-07-28|6476.11
e6a57846-e171-43a2-86c4-c97c6d7f74c0|360|Madeleine|Baker|2012-01-17|9596.8
a173c240-1b03-4fb9-9865-346dba379574|361|William|Harris|2017-06-11|1564.26
18c76ace-7a20-470a-89aa-99b2ecee7e18|362|Anne|Dowd|2014-11-20|3468.11
02fb01db-ea10-44ac-8ace-34953fc91848|363|John|Sharp|2017-05-01|8984.3
6239326a-659a-43a4-b736-90bd0d07dea5|364|Adrian|Miller|2013-07-20|3121.63
5b407578-22ec-446e-b0d5-36a32267b592|365|Kylie|Welch|2011-02-06|5619.08
d744ca76-3394-441a-8112-cdd1ddcd6d18|366|Lisa|Vance|2012-11-10|6751.21
12273879-80dd-4baf-83c1-ee9868e4e479|367|Justin|Campbell|2012-08-23|3972.63
59468f6b-16de-479a-93c3-2ffa429e6f9f|368|Tim|Vaughan|2009-05-27|8810.39
4a32724c-a755-45c9-9482-8b3c82d7d8bd|369|Emily|Nolan|2015-10-08|2965.51
0fb8647d-3e98-400e-a039-a81e6d5174e2|370|Lucas|Marshall|2011-08-31|4303.76
8214644a-cc43-400c-ba3e-11854993ace8|371|Audrey|Berry|2015-11-23|936.13
64ea50b1-db34-49b9-8df2-1954df435cdd|372|Joe|North|2017-07-12|7039.72
799ec4e2-2fec-41a1-8027-5e7a6bc187ec|373|Ruth|Bell|2012-10-09|9279.68
c7460fad-f706-4c6e-8f2e-59792a5058d3|374|Jason|Morrison|2016-12-25|5514.85
d99c7aae-f548-4532-9750-2b9b6ff3ace0|375|Sarah|Lee|2012-08-08|1789.31
42a721a7-014c-48c9-a1d6-7aa27fc10113|376|Connor|Baker|2012-02-28|2221.38
4ec18c13-3e8e-4665-a665-672585d31229|377|Elizabeth|Metcalfe|2018-01-08|9619.22
eed56c15-43fd-4335-a2f4-60f38bc9537e|378|Paul|Clarkson|2010-09-24|8789.66
dffb161e-04e5-4c46-be2b-ff53103345c8|379|Faith|Piper|2018-12-18|8738.98
4a0a736d-7b7c-496d-9c13-4a33abe7efa3|380|Jennifer|Martin|2016-09-03|8306.75
b4c85081-f8f8-4535-be6b-eea41c4c10f5|381|Katherine|Hemmings|2013-01-09|8075.88
117db9ab-6630-4696-8011-e456e03d2441|382|Elizabeth|Forsyth|2009-09-28|488.44
f0c93a54-10f8-48b8-9542-8fbffa8227c4|383|Irene|Quinn|2016-08-23|7232.07
eb3c9305-95a2-49aa-9ea9-fedacbe75eef|384|Jan|MacDonald|2010-01-11|9207.74
c620caac-651e-42a4-b92b-2626f5300bc1|385|Nicola|Paterson|2012-11-22|7088.63
833854b6-5978-4e5f-abd0-5694056428c2|386|Phil|Walker|2015-10-20|7863.12
01686432-d3a2-4d0c-9d40-fe0c560595bd|387|Christopher|Black|2017-12-20|8622.08
8b8a4715-df73-4d0a-a5f6-72db72ec28a4|388|Anne|Jones|2014-09-22|9013.14
0ae26c75-a6b1-401c-a21c-966a2eb1697e|389|Evan|Coleman|2014-12-06|7604.09
a132d41e-2c15-4f06-bc46-159582b2ddf2|390|Oliver|Anderson|2016-12-07|5822.21
d552c89d-ecc2-4933-8407-0084d581bb10|391|Max|White|2017-06-14|2803.36
c24ab390-8429-41c3-a13d-4091d4f059e1|392|Andrea|Fraser|2013-03-24|6691.12
81cfac80-5133-4c37-844a-0b2463069e22|393|Dorothy|Tucker|2010-02-25|4381.75
790a79f3-4de2-4923-b403-815ce2da90d3|394|Irene|Blake|2016-08-07|6068.55
c25d0f8b-2f85-49e0-9fa4-65865ddceea1|395|Ella|Scott|2014-09-17|8939.52
252721a2-721f-4cfb-b872-568f355bfa1b|396|Neil|Bailey|2009-11-22|4884.78
dbc9de41-8db5-4bc4-8667-b10066cbca8f|397|Diana|Avery|2010-09-04|9035.4
fdc60597-2afc-4c55-933c-2181108023e9|398|Christopher|Murray|2009-01-22|5848.33
98d0eeae-f253-4117-a633-0ab80e0d337d|399|Carol|Scott|2017-02-05|7638.12
0f98cae4-8e60-4349-ad39-022a55e38120|400|Kylie|Piper|2017-06-10|1107.43
990645c2-a54a-43ee-9605-48b12f88c95b|401|Edward|Morrison|2010-11-04|9242.87
fe16118a-25e5-4586-a317-361825c0e552|402|Audrey|Nash|2012-11-13|9626.57
675a475e-75e3-4e96-98ab-115aedfef147|403|Audrey|Underwood|2017-01-28|3507.57
092f34c8-b092-4bbb-aae3-dc3bf86e3d1f|404|Anna|Gibson|2011-03-14|1601.75
3109d3ab-2dff-4ee2-bd66-59e2c9a25b0c|405|Rachel|Mills|2015-01-27|2311.43
d6125f8e-4f55-4012-b951-0a8565af3614|406|Lillian|Fraser|2012-06-02|5219.93
df274ca2-53ba-4eb0-8866-868583533b6e|407|Dominic|Wilkins|2015-05-30|2062.23
6af12a14-aa2a-4a08-8e64-0ee96ba7d3c2|408|Keith|Burgess|2014-06-16|6291.03
75d84473-ed8f-4fca-abe5-8e9e54644cf6|409|Elizabeth|Chapman|2011-01-29|1467.64
617047ec-72ad-417f-8e8b-482e3d73d2fa|410|Joshua|Springer|2015-03-28|5504.1
09a5302e-2721-48ba-9c32-f1abecd728ed|411|Pippa|Davidson|2018-12-18|4413.85
337af2f7-1639-4533-91b4-dcd3149be9c8|412|Christopher|Nolan|2016-04-03|2465.07
bc5b6c44-8d71-4656-8f32-fc8576153ee4|413|Connor|Edmunds|2010-09-28|3184.25
adf0f9ab-d746-41bb-acbe-fc250d488927|414|Melanie|Clarkson|2012-06-25|4832.92
7def9de0-3347-4176-a41a-b3e4357fc860|415|Mary|Rampling|2011-02-25|4686.7
e1fa078b-5be1-41f2-ab1b-ce7dc61cafc3|416|Matt|Butler|2012-02-22|6659.48
02ebd11e-a83b-4ba1-a3b8-9f81988a9049|417|Emma|Hardacre|2017-11-10|9916.75
6516c19e-a7df-40f6-b4e3-5dd9a9001839|418|Adrian|Short|2017-02-08|7538.91
c0f871e6-cc09-45e0-a761-de9483b34a6d|419|Donna|Robertson|2016-09-18|5426.48
93bff378-dfbe-48e2-a3a8-d2fc0d0871f5|420|Keith|Scott|2014-07-13|6230.73
443e3e6b-ec92-4c49-9f1b-874d522cab80|421|Jan|Martin|2015-10-20|2215.06
88cc8ffb-7cdc-4ae2-bbda-e8f67de6f678|422|Nicholas|Bower|2014-03-21|4459.01
94bac87f-4dd6-4345-af91-ff609e331698|423|Mary|MacDonald|2015-07-05|7022.2
2b6d5e71-a436-4dcd-ad10-0efff6ce8686|424|Max|Graham|2017-11-16|5967.71
8333acfc-dc7b-4581-ab0b-0c16b2e49e57|425|Molly|Sutherland|2016-03-13|2426.08
58b3c0bf-d500-445e-90a2-70539d521406|426|Benjamin|Slater|2015-09-07|7516.83
95f8c210-cbe4-4ec7-ac72-bee7ec00f15d|427|Diana|Oliver|2011-04-12|7700.28
2d38cbdc-6db4-4937-8bfc-cb74c5cf12be|428|Pippa|Bond|2018-08-25|2428.01
4e684f14-1190-4666-8f24-123e0a363bd9|429|Virginia|Russell|2013-03-14|1517.87
9bbdc347-90d2-484f-83a0-0f7116fdb0a3|430|Tim|Rutherford|2014-05-10|3200.58
b53addad-7510-4581-8632-06c5d8b13828|431|Victoria|Cornish|2017-01-28|5403.16
6cc34c55-75ec-4450-ab58-1a3499606600|432|Dorothy|Mathis|2009-10-03|3139
d55251bc-1533-4080-8dc2-3b8ff8f35e6d|433|Dominic|Abraham|2015-09-14|6306.39
3971a131-2549-4bfe-922e-5cde7132e83c|434|Andrew|Young|2013-02-01|3477.45
b06af028-8818-479a-8d5b-ae14bdc3e7ea|435|Una|Abraham|2009-05-21|9207
f5d3827a-6914-485a-a624-c0331ed31e42|436|Joanne|Taylor|2016-08-12|6108.73
622836ea-ffb5-4a0c-8550-2a6ad8f0a16b|437|Kylie|Brown|2018-06-29|5891.61
81a4326d-d102-496b-b8c3-53c9d743c211|438|Robert|Sanderson|2016-06-04|9853.81
559fd978-4e14-4827-af72-5bf96e534a06|439|Nicola|Lee|2012-09-05|8151.37
871a44b7-fdad-4377-916c-eca208510492|440|Stephanie|Paterson|2011-04-20|8099.42
f11c343c-964a-48db-9f62-10dec33a3f35|441|Luke|Young|2016-08-18|4771.45
22a865fb-b328-40ba-a2fc-611c009dc87c|442|Edward|Bell|2016-08-21|497.18
ed662448-ccc9-4758-82cb-80e144ef30d3|443|Grace|Lewis|2010-11-05|3227.6
38ea0ada-283c-4b44-b787-701e6abdac42|444|Ryan|Rutherford|2010-04-08|5567.75
bec47922-54f2-4221-9903-f2ce4974520f|445|Max|Hill|2017-12-05|1023.35
85d05c34-9cf0-4941-b8e2-7e087d409a79|446|Zoe|Anderson|2017-12-01|8709.06
d9582ad4-7730-413c-8dec-f156924362ae|447|Alan|Payne|2012-04-06|9846.96
71e6d6f8-13dd-4a4e-9c14-dc49b6c77d1b|448|Andrew|White|2018-07-16|3352.28
465807fe-d20c-4b87-b60c-c4d6a46d9510|449|Sophie|Avery|2013-12-08|4095.85
b3492c5a-3a13-43e3-8250-5749ddedae26|450|Luke|Walker|2018-01-24|3515.93
b1549d38-1539-4a3e-8b17-82efa8675037|451|Neil|Lyman|2014-07-25|6732.06
73b3acad-4d73-490b-aae9-70c3f18263be|452|Michelle|Sutherland|2018-09-10|7142.82
f52081c7-9d60-422e-a13f-d2ac0b4915e2|453|Kimberly|Payne|2013-10-05|8354.21
ebe2f985-81b3-4b51-93d7-eac3ceb077bf|454|Justin|Peake|2010-10-09|2023.62
65e3a45b-6038-4cce-8e1e-e0bb58d2bd95|455|Audrey|Ogden|2017-05-06|6568.08
b3468dbf-2023-43ea-bdad-3009d341d349|456|Jake|Kelly|2014-09-16|7466.49
f551a6a0-46a8-4ec7-b55f-ad9f95051a1e|457|Trevor|Poole|2017-10-26|7510.98
54a39fc5-8c69-427e-8eb9-705e375b3993|458|Kevin|Nolan|2017-06-09|8830.61
a6206e2f-5302-4439-823f-0e1184154c46|459|Caroline|Davies|2017-11-14|6898.01
75018aae-3688-4da9-b3bc-d63779b7c0ff|460|Virginia|Mackay|2012-06-08|9080.06
4c732c2e-e33d-4b65-9976-a05c459cc4b1|461|Phil|Hudson|2017-12-25|8185.42
616a86d3-0c7c-457a-a38a-d0ad4ad1e679|462|Isaac|Morgan|2014-07-29|8523.48
1de587bb-c41a-45bd-aef2-fe885f68dbf9|463|Mary|Payne|2016-06-21|7144.11
b589f70d-60b6-40a8-afef-6293b17fc889|464|Gavin|Cornish|2018-09-25|1695.46
07f685fd-deed-42c7-82b6-4ed72aa7d17d|465|Jacob|Forsyth|2014-07-04|6354.12
2a84a670-e463-4984-b7de-dbd7bc8e7280|466|Connor|Simpson|2014-11-29|7738.83
0c4e70fe-256a-47c0-ab8e-2ec6a33a4862|467|Julia|Baker|2015-06-30|5910.09
71ee86e9-ac5d-4e55-a46b-36c586a99258|468|Sue|Mathis|2010-07-30|3551.26
0d7b2ccd-c5f3-418e-856a-7225b07e5f72|469|Rose|Cameron|2014-04-30|3524.85
a1c828c2-4804-495b-aae5-0255d4709091|470|Dominic|Miller|2017-06-02|296.73
5f527631-abc1-4a11-81a1-230103383e34|471|Alexander|Poole|2014-10-25|7581.15
4c0e6794-6e11-4d68-9f35-a9ead388ff72|472|Jacob|Rees|2016-11-09|2995.82
4f6c6c4f-30b5-4329-bd66-43ea4310a0c0|473|Adrian|Wright|2009-05-05|1979.35
b55610c4-b95e-435d-8403-20bf2206b261|474|Jan|Springer|2018-05-28|8159.2
76cdba27-d7e9-4e83-b8c6-1446735d64c7|475|Jane|Terry|2013-07-12|6633.45
16a6e09c-1b6c-4f97-b6f1-601695233524|476|Katherine|Lawrence|2014-04-01|6854.44
1b14e937-37b0-45d6-a34b-8ad5f099674f|477|Pippa|Howard|2009-08-31|8467.86
ea9ff7b1-921c-42dd-a50e-188f95938dd7|478|Heather|Jackson|2016-05-14|2173.59
3e28380b-565c-4a81-9c78-1cb09f630638|479|Fiona|Taylor|2015-07-28|5916.31
67e0ddd9-6283-46cb-aa92-c8a3ff2ffae4|480|Joe|Hunter|2012-06-01|8974.05
ba8fa830-673a-4cef-905a-e09d8df97313|481|Faith|Terry|2011-05-01|3259.51
d7bd1ba8-4485-4bdf-9789-c5b726a19625|482|Alan|Underwood|2010-01-28|2426.13
46a2026b-550b-4e81-87d9-73a5ccfefdf5|483|Anthony|Slater|2013-10-22|8282.51
118d5ce2-2346-4321-a096-f1509c915612|484|Rebecca|Clark|2018-04-16|575.48
23d44c22-5b4b-4cca-9ba1-e478da72752a|485|Karen|Abraham|2017-08-06|18.89
83e4b213-aed4-4e73-8cde-a1bfbbd1d710|486|Melanie|Newman|2016-10-20|9161.56
a8333890-af58-4054-a576-84eb258458d5|487|Jessica|Bond|2009-09-13|5515.09
14bc586e-eb9d-467c-bbc0-6b5fb1a02367|488|Audrey|James|2014-10-10|9385.05
ad53f2b5-d995-45f9-a80f-5e9d87d3211a|489|Oliver|Pullman|2011-10-31|3434.21
8b442c6d-df09-4e6a-946d-952b6ab1987c|490|Brian|Young|2015-02-15|7526.59
f4afd648-ad5e-4857-8ecc-c896f4658a9a|491|Ian|McDonald|2016-09-07|6759.72
cc1f6c51-334a-4bb8-a628-13cf15802cfd|492|Sophie|Vance|2014-10-30|7115.26
2a174b57-8011-437d-a2b7-2f4daa9193bd|493|Simon|Howard|2012-06-28|4924.82
f335f4d8-d329-4911-bd9e-7a6abeebb49c|494|Isaac|Edmunds|2009-05-31|4435.55
61368bd9-5c4a-4a07-aed5-0afe478a3b6a|495|Adrian|Kerr|2017-08-22|9222.11
92d1cf78-1d55-4575-b237-550e150751f8|496|Lillian|Kerr|2014-12-01|2148.07
a99b6f25-f01a-4500-acbe-6f64772822dc|497|Zoe|Young|2017-04-10|2682.72
536d3a79-db44-462c-af82-fc4a112e7704|498|Leah|Buckland|2017-02-18|9118.74
781f7a33-661e-4dab-a3bd-2c50fe21d917|499|Edward|Rutherford|2016-06-05|1536.32
9d070e21-aff3-43e0-bd5c-9e7f4e3a8a38|500|Diana|Watson|2011-01-01|6872.83
e727353a-3348-4df1-9e22-27e0d981c613|501|Sue|Terry|2012-09-08|7378.63
bef3b836-5d76-435d-85e4-6d9e454ec185|502|Nicholas|Jones|2009-06-14|402.08
6e77eca6-cf06-4ba5-b863-83cb3087876c|503|Charles|Bell|2014-04-24|7235.75
9c17e5bd-3c7a-4b15-97cd-6da44f9a4221|504|Fiona|Gill|2013-10-08|8278.84
0cccc8a9-7f8a-4e7e-be80-525bf9f3c13c|505|Warren|Russell|2011-03-10|7524.05
fcaec04a-fb09-4386-b8d4-a67c39f559c0|506|William|Morgan|2010-05-10|1615.13
8dc6f9a8-7d5c-41d7-be77-88af6438dce3|507|Victoria|Manning|2016-09-25|6996.05
f7046073-80c3-47f2-8ffa-c5d0caf42247|508|Grace|Ellison|2009-06-12|4245.24
07005438-a8a9-470a-9603-16d8054dc583|509|Harry|Mills|2016-04-11|912.4
cf43d2ed-6234-4291-960f-6814783b62b9|510|Austin|McGrath|2010-12-06|0.28
02abec0e-4789-47f7-98ac-d4a97fedb7bb|511|Piers|Davidson|2017-04-10|3443.63
11ac5cf5-049a-42d2-b60b-ec93035c4d72|512|Christopher|Cornish|2010-11-16|1222.35
ed782de0-569a-4277-8adf-93add3c1cb90|513|Trevor|Dowd|2010-11-14|5332.46
918d596b-c774-4eb4-bb65-eaf5b57182c5|514|Sean|Skinner|2014-03-13|5681.8
85ce77e4-bf0a-400c-a821-f18b02d1908c|515|Pippa|Reid|2011-03-24|8029.73
99ed1fbe-9100-4528-9d3f-411f6d06d915|516|William|Peters|2013-10-26|2340.79
8ff109d5-96dd-4113-bae6-95bba7b3510f|517|Wanda|Russell|2017-02-10|7972.01
5ae0973b-bbd2-4093-b9e5-3b6000a2cef4|518|Ella|Thomson|2015-12-11|6010.18
3808e423-6c52-4d89-bcff-efe2bbeac897|519|Rebecca|Alsop|2016-08-13|7271.51
eba87c01-b6d2-4e5b-ba04-c48b7be4f392|520|Bella|North|2015-08-28|1483.25
d367f5e9-7aee-4b6b-b450-da7ce1013278|521|Nathan|Chapman|2016-08-03|6683.29
b4dc1979-84b1-4a88-a668-70607971981c|522|Molly|Russell|2018-02-14|1541.73
984d36e3-64de-437c-85e8-f2a35bbd633e|523|Amy|Ferguson|2018-03-07|7435.39
dc80ef55-a71f-414b-82b5-fa444c098601|524|Olivia|Gray|2010-06-22|449.05
5cb765f7-b8d6-47f2-b1f2-97655061cda9|525|Joe|Hudson|2015-10-25|7354.64
4feff283-c655-483a-ac70-e5dc72b9667d|526|Carol|Peake|2010-09-03|1545.64
efb1d234-50f9-4d02-8315-754463321582|527|Victoria|Burgess|2010-12-29|5921.03
f5511eb8-732c-4dae-9568-9dfae37d4ee0|528|Sonia|Mills|2013-02-25|7348.88
68947ab2-1cc6-46f6-afe9-279613c08ac8|529|Lisa|Hill|2010-12-08|5628.59
98b5626e-b3ae-4c4c-b4d9-dabde32387bc|530|Theresa|North|2017-04-16|134.21
9fabc3e4-9a93-495e-806c-5f17796355bb|531|Joanne|Cornish|2014-09-28|4443.99
e06a4138-6904-44a6-ac5e-13d0bb95ac16|532|Emily|James|2009-10-26|2602.02
61ff304b-6c74-4abe-a4cc-b3a92f8ae318|533|Jessica|Lawrence|2012-10-15|6881.15
bc735c10-3a30-46ee-8954-3708b82824e9|534|Connor|James|2013-12-31|2023.7
876f0466-fd2e-4794-8f5b-81ab6cd68812|535|Leonard|Campbell|2018-09-17|6692.57
42b56abe-a092-4114-89e3-ece564c9cae7|536|Gordon|Skinner|2016-09-28|3437.42
65118f13-c413-4478-a2fa-ac0e404746a1|537|Alexander|Hardacre|2010-03-13|9469.5
d4d0a337-0a1b-4e04-9f49-d9859e97f262|538|Emma|Fraser|2016-05-01|4075.55
25004843-7915-422e-9fd6-93599073ae21|539|Rebecca|Payne|2018-04-10|1037.84
56fdac50-67dd-4f24-be0d-1945a7eba3be|540|Audrey|Wilson|2016-08-21|3492.8
0b5a358f-fa69-48a2-8b5e-00c309b1e941|541|Brian|Peters|2017-07-07|9621.39
46839526-38f2-4ded-9ecf-4192a87493be|542|Dominic|Sanderson|2017-03-31|175.21
9c30345e-833d-4879-a8a6-d922424fd21e|543|Stewart|Butler|2009-07-27|8657.72
cbd4846f-1ac2-4dd5-84eb-bd1b9a4cdf58|544|Anne|Lee|2017-11-06|5243.82
ea2c66bd-7242-43f8-ad6f-5b240c9a9bfc|545|Alan|Forsyth|2014-09-25|5773.02
3a778037-9bc9-429a-8b30-f4d647f1bf42|546|Grace|Vaughan|2010-08-04|7421.76
9936fb54-4b2f-45a5-ad15-bcc3727a609b|547|Blake|Newman|2017-04-09|9957.43
eda962e0-809b-47d2-874f-edd64369743a|548|Jane|Bower|2015-08-24|6691.37
3d8d743f-d059-462a-8a70-592341869b1a|549|Sarah|Abraham|2009-08-18|651.15
f6dc3836-138d-4b93-81a8-510c8480585b|550|Dominic|Ball|2009-11-23|2368.58
3886ba8d-18c1-4dc3-b5c5-246e2c8405b5|551|Joe|Bell|2014-08-19|6705.26
d12ab51d-8a6f-4347-9fbc-5e21bdb6c6d8|552|Dorothy|Mitchell|2018-01-31|5174.76
82c9482b-9421-41de-bb7b-21e2aac49dec|553|Anne|Chapman|2009-06-16|4184.78
81b38fdb-d48d-4088-86f3-fc3512a3ce9b|554|Lily|Nash|2013-06-13|7746.76
cf85b32f-16eb-4005-91b8-02c4a9f7a77e|555|Katherine|Scott|2011-04-28|22.06
9f76ca11-3814-47a3-9e75-34bd626dfdc1|556|James|Springer|2011-07-05|64.77
33204765-d16e-45ea-9c03-cbccb1d8aa06|557|Owen|Cameron|2012-08-03|4435.62
d3864d72-fb3e-42ce-a962-18dc68c25a95|558|Neil|Simpson|2010-10-17|1854.88
eae32c80-bbc2-4251-ad07-71cd4ca16775|559|Leonard|Abraham|2016-04-13|2571.04
1cc635e5-25fb-4723-bdb4-9f2e2350eab6|560|Jane|Davies|2012-07-31|4751.25
252cc682-bdf5-4346-89ad-54be23fa6e0e|561|Zoe|Vance|2014-07-07|9070.37
e3bc6a02-cc16-463f-ac0e-61085962e783|562|Oliver|Morrison|2017-09-07|5469.15
e3c3b20e-dcf0-4f2e-b4fd-be63b2ee0776|563|Lauren|Tucker|2011-10-22|1180.63
107ab749-7666-4772-bf9b-e12304115008|564|Jasmine|Allan|2018-04-16|4637.1
bc090259-6bdd-433c-aea7-83a739bb93fa|565|Thomas|McLean|2014-04-04|589.03
eeb0803f-fcbd-46b4-b187-aaf001193f37|566|Vanessa|Smith|2018-12-20|9110.52
7fcf4131-9eed-49ed-b4e1-90f31c27e039|567|Sebastian|Miller|2010-04-21|1608.19
7386db51-f81c-4323-bf8c-29402db1f8ba|568|Virginia|Newman|2018-04-10|1991.42
7ff6def8-644d-4d21-88f5-b20461b2d7d2|569|William|Wilkins|2017-08-09|673.95
c9ce24d3-616d-4976-bf43-5fb60142324a|570|Christian|Turner|2012-02-28|9784.68
b315865e-ba5d-4141-b02c-6f9d8ebd8495|571|Penelope|Taylor|2009-01-01|6913.88
c35919cb-85c4-4313-807e-73beea3e21c4|572|Dominic|Kelly|2010-06-24|4269.52
3a98f660-4ce8-44bf-aa33-fe68bb138de1|573|Sebastian|Wilson|2013-07-14|3948.75
f9ed4fce-378a-4399-83e6-f83728190c61|574|Sonia|Greene|2014-01-18|1804.67
504aacb0-20d0-4dec-baa0-3cd11aee024c|575|Michael|MacLeod|2009-05-23|1573.39
89936c02-ae3d-4ae4-aeca-0ca0d72dfee6|576|Katherine|Coleman|2016-03-18|623.04
b905269d-5b06-4635-a6ec-44217b894fd1|577|Lily|Nolan|2017-10-05|383.67
ef4c48f8-cfc1-47d4-ac15-0a58ca19e42c|578|Max|Ross|2014-11-19|3958.5
d2efbc93-256c-44d6-9d9a-20e67de80bca|579|Ava|McGrath|2010-01-30|5205.04
c5e6413f-3ecc-4388-a0f6-b686d5e16ec4|580|Sean|North|2009-02-27|6814.48
208ad418-7da2-4701-b3bf-1c649bc15032|581|Thomas|Rees|2017-05-05|4018.34
cac20e78-f1ae-4f77-bd49-a4af9d0fb965|582|Deirdre|Knox|2012-11-06|2573.51
a394617f-2d25-4fb0-8ee1-1bbb9263cd63|583|Lucas|Bower|2011-10-21|4386.07
554d5f28-d4a3-4b23-a297-904200b2dcd7|584|Nicholas|Lewis|2012-07-12|6343.09
53a05561-71cd-4b79-a642-e2125518e94b|585|Thomas|Poole|2017-12-02|1563.71
f8cb8abd-8e2a-4f3e-9684-d2c1761b65ac|586|Jennifer|Hamilton|2009-03-22|7919.7
5b1b364a-0364-4be5-b54b-e77dfbff464c|587|Sally|Brown|2016-08-29|5070.27
4da5568e-3ae2-4c4c-a53a-3475b15ad5ef|588|Molly|Hardacre|2013-08-19|5534.09
1315cd3a-5e65-47ef-8f67-b2a3e48ab37b|589|Sonia|Lewis|2010-07-18|1208.35
e10a0bce-bd66-4d1f-a621-7531f0ac7f21|590|Gordon|Alsop|2018-01-23|2369.41
57f31377-2108-464d-b152-dbf27381b18d|591|Anne|Paterson|2016-11-29|5407.84
754ed565-d584-4eff-8e19-042075285c62|592|Fiona|Buckland|2014-07-01|7399.81
81204ade-f75c-4693-8a7a-2e6ff506f584|593|Connor|Watson|2015-06-18|4172.25
376f72b6-e401-46d8-a5ae-ad16eaee32cc|594|Cameron|Russell|2017-08-08|4675.08
0086be94-8107-4c1b-830f-2c9633d43fe9|595|Gabrielle|Lambert|2013-08-21|6766.87
f82bd683-9f12-40c3-a98e-9420a451e3ca|596|Isaac|Randall|2015-04-02|3955.94
fbb1706d-d222-49ee-be0a-ab8da12f21a7|597|Dorothy|King|2013-11-30|2707.41
dbe1bf1a-ddf5-4301-994b-b607190d866a|598|Jessica|Rees|2011-06-01|3092.62
9e3f0489-095d-44e3-a382-067865ae74f0|599|Sally|Edmunds|2010-05-13|6575.05
3682b44c-0a40-4009-b5ba-4a2df941e6df|600|Brandon|Wilkins|2010-06-19|7689.48
995c0d10-4623-41e3-93ca-f19bd4d8fbfc|601|Jack|Mathis|2011-02-13|528.43
079bde9e-db32-4f53-942a-4d541574dc98|602|Zoe|Hamilton|2014-04-02|2612.93
65346a6e-2897-476a-a54c-85f61035fddc|603|Ian|Vaughan|2018-10-15|6907.04
c0810d4c-8e15-421a-9bfd-7f8e77a1d697|604|Boris|Ince|2012-08-15|9715.49
1ae9f83e-24cf-4121-9a6f-6c7bb83274d7|605|Colin|Cameron|2018-02-05|9921.15
5494446a-29a7-4e0e-b280-3bbe1ea47a73|606|Christopher|Welch|2009-09-09|3118.57
bce4fe70-24ab-4e9f-bfaf-dd8b183cb880|607|Brian|Rees|2018-10-31|1508.55
390a4190-bc8f-4688-9db9-72b015574f8c|608|Angela|Vance|2018-01-22|1880.94
f2ead870-0d1d-43f4-9629-519f02ac870c|609|Julia|Oliver|2016-04-02|8151.93
5824f046-2673-494d-8bf4-5c0d4925f0a4|610|James|Edmunds|2017-10-02|2917.11
18db23c2-1a26-4f90-a0fe-43dc54792204|611|Alexandra|North|2012-06-04|1656.38
eb296481-1e5b-46d9-bc6f-144c75b86bc5|612|Blake|Harris|2016-10-14|4152.65
71e7194c-0f11-4ac8-b8e2-f17b010f3c18|613|Luke|Powell|2012-11-28|5019.71
1f527985-419e-4ad2-a9cd-86a513d526dc|614|Chloe|Vance|2014-04-08|4873.11
68d2c8f4-b273-4ffe-ba85-6c82901d7c12|615|Ruth|Sutherland|2013-06-10|3391.93
8f818488-27d4-4754-97d7-e906d814d91e|616|Alexander|Churchill|2009-05-27|5772.07
ca2b68bc-e1cd-4638-bac0-1d06986b25b5|617|Christian|Terry|2010-04-27|3796.39
2fad60d5-7b30-4261-965d-92f3238e199e|618|Amelia|MacLeod|2018-02-06|9092.43
e2a883a8-0e5c-4836-9445-3ff735102844|619|Piers|Bell|2010-06-07|148.52
b5da32da-2ad1-48bd-8365-cae733b88726|620|Matt|Knox|2014-01-08|6038.5
05aa680d-e05a-4f8c-bd88-d88ab99b4c8e|621|Samantha|Marshall|2016-05-18|5633.15
17726072-a4ce-4412-99e7-7a26c9954134|622|Stewart|Duncan|2013-04-19|8189.31
d165eef6-8f6b-4724-82cb-6ac670499c53|623|Amelia|Davidson|2009-09-09|6237.16
fdef8908-06ba-4a4c-9ab9-9302bd4499db|624|Julia|Grant|2017-07-04|5052.98
a2b86a7e-4c5c-4873-b610-0d52c9fc1ad7|625|Felicity|Anderson|2012-03-11|9089.77
ff892992-8709-4643-a696-efabb412c644|626|Dan|Murray|2014-10-07|4782.79
656018ac-eda2-48c2-9eab-48d98f96614c|627|Victor|Welch|2011-01-28|4878.77
93db67b5-c992-4471-94fe-87b3428874fc|628|Claire|Henderson|2014-11-18|4375.06
21799acb-7008-4403-ae22-3bb42aeb2814|629|Brian|Clark|2012-11-23|2221.76
fb1adbb2-96e8-4734-a016-15f1cbd30ce3|630|Karen|Hart|2013-03-31|7807.55
cca1b0e7-8bbd-4684-8c51-79e00f08b9b7|631|Dorothy|Hunter|2010-05-02|1803.06
cc62bf36-2fba-4e8e-8cdd-3a6167ccdc68|632|Leah|Dyer|2013-10-30|2084.26
eed955c8-dc99-4b92-92e5-a70d9a1b1063|633|Una|Kelly|2012-07-31|3530.54
75512ca1-a892-495c-bd47-f30d933d50c5|634|Phil|Slater|2017-03-05|6891.54
2b41249a-dbe8-42e9-90d6-04cc6c039688|635|Michael|Young|2009-08-07|8291.19
d52eb191-101d-4ecb-b30a-996cb304f9f5|636|Pippa|Wilkins|2011-11-20|3746.31
6203924f-3eee-4911-a227-8482c27d5e39|637|Amy|Walker|2013-06-30|9118.73
d75d0b4d-79b3-48b1-8077-c4685d9e1ea8|638|Gabrielle|Clarkson|2017-09-17|3884.23
ff5016f0-8462-4583-956e-d9fb478bb57c|639|Olivia|Ogden|2012-04-22|2537.46
9951747e-1ea9-4af3-ae55-5149a1c1cbb8|640|Leonard|Welch|2011-07-15|2783.89
2f62edd9-961e-4d1e-9009-180fc531d82b|641|Trevor|King|2016-12-22|9355.82
45704884-6401-44db-94f1-f99b8885b038|642|Faith|Buckland|2013-03-23|7738.77
01073d4a-c76b-4ff2-a5a9-000df663b3da|643|Jake|Randall|2015-07-04|8954.82
d6f1fc84-28b9-45ea-bc68-228e3d97e437|644|Kylie|Paterson|2016-04-21|5991.16
31101f33-fdee-4caf-b956-9e6b0a8791a2|645|Nicola|Lewis|2011-02-14|2427.4
007409ac-0503-499c-a1b9-42549b97de97|646|Simon|Black|2018-06-02|5238.71
c2e5b180-90db-4332-b4b6-e2bde2f82df1|647|Theresa|Young|2014-02-25|4383.93
1f88840a-d09a-403f-a98e-18b9bd33f604|648|Andrea|Gray|2011-09-15|8219.93
14a107ff-7017-441e-9257-9412a96bb801|649|Christopher|Turner|2017-05-22|3122.86
5504e663-601e-426c-8afe-3f4ba04005bb|650|Jacob|McDonald|2017-06-03|7079.42
2dfecb88-c758-40cb-bb14-86b55fe71bed|651|Gavin|Black|2010-05-27|1317.72
3cd3ae66-167c-4986-be5f-2416ca2ffad7|652|Jessica|Newman|2015-11-08|5677.84
abf9e80c-3d91-448f-951b-5c3f6f3225f4|653|Karen|Mathis|2012-05-03|693.69
e838f423-f5fa-46a1-a2fb-edb7435b1ebb|654|Irene|Clark|2010-03-29|9533.02
e8ff82ee-8686-4b51-93f3-60c1326662bb|655|Jasmine|Clarkson|2017-02-21|6907.06
2fbad039-83e9-4aae-bb16-fc370c23980c|656|Ryan|Baker|2013-08-31|2181.8
36be22c0-0379-4b21-8d6c-6c9f099eb3c0|657|Jasmine|Brown|2012-10-27|2187.86
a231c1a8-2c83-463a-a64e-efaace2b6c6e|658|Molly|Lewis|2009-05-16|9918.62
6bc3313e-c3df-4a7e-ae1b-cf97bed7e62f|659|Una|MacDonald|2013-09-17|9634.45
f9168efb-fdb2-4083-b654-aa1485d61c99|660|Christopher|Mills|2012-09-29|6105.31
b605dfcf-9c13-4374-b6b4-cb8cf56c3d22|661|Julian|Slater|2017-11-13|51.61
d560a937-d942-4185-b7d3-597f59ef8668|662|Rebecca|Hemmings|2017-11-29|6146.41
904398da-24a0-402d-837d-b97ae2a30438|663|Kylie|Wilson|2016-09-24|8162.11
70c505f2-dca3-4592-aa7d-8fb211d550fe|664|Faith|Quinn|2010-01-30|8693.95
fecf5374-5317-45ae-ab05-703dc0f4d198|665|Molly|Jones|2017-12-29|235.61
3249cc1e-9688-4f36-b1b7-6e3b79a4b752|666|Rose|McGrath|2018-08-27|8088.59
9c25261d-12b1-4975-8301-3aeda94f2e46|667|Brian|Carr|2016-02-07|1316.49
49f20e5c-c235-4cab-a55b-09c5dcf950cb|668|Trevor|Jackson|2011-10-12|8845.48
10a8fcfe-4a2f-46d5-95dc-9d742dcea4ec|669|Colin|Wilkins|2013-03-15|67.49
a24f5396-6ed7-4ad1-b999-945d8aa737d7|670|Trevor|Piper|2011-08-10|808.84
1b0a04fb-38f9-4f9c-978f-06d7cfa89645|671|Caroline|McGrath|2011-06-30|3801.05
0a2f1a05-f806-4241-8be3-d7a2bd11b1cc|672|Kevin|Welch|2012-11-15|1491.24
7539a665-5300-4eb0-af81-a4b1bde44d2b|673|Ruth|Parr|2017-09-03|8099.13
3cdceea3-3bec-4719-a017-a8516fc62b17|674|Liam|Welch|2009-02-04|3156.19
5b25e8e2-3942-44b6-a86f-b0300e79bf60|675|Blake|Anderson|2017-09-14|7377.86
d62cb1fc-0ff5-40e2-ad27-d034431cd26c|676|Piers|Poole|2012-10-25|3315.36
1f4ec915-3e6c-4daf-b50e-b9da1ab7fc05|677|Zoe|Hughes|2017-09-25|5429.37
2e9e16ce-605a-4959-8d61-60fc51772c9d|678|Karen|Baker|2016-01-12|5500.61
79734130-911d-4124-8e45-bcb505a9d92c|679|Chloe|Gray|2009-02-26|1535.92
4d939b5d-9756-4ee9-bd46-fca0d49de74d|680|Emma|McGrath|2018-09-28|7493.22
c1d34bfe-da0f-444b-ae1b-e96f5fa1a43c|681|Claire|Peters|2018-11-29|5749.79
7c98c5ab-8abe-45ed-b1dd-9d305b1b0132|682|Molly|Wallace|2011-08-10|4266.82
8426afac-09e1-4244-9803-515459ed744c|683|Anthony|Kerr|2010-02-09|1393.18
7c664760-0ed4-47ed-8ab7-958b6d521f58|684|Adrian|Howard|2009-02-15|5243.12
1daa459c-d2db-4b55-ab79-27b5c5527e46|685|Rose|Gibson|2013-02-16|3288.58
c42e2f38-c213-4c2b-a2cf-412f39a1c0a7|686|Jake|Slater|2011-06-27|9983.28
f89c147d-c816-446a-a7cb-876fb2be7f82|687|Harry|Bower|2012-09-12|7401.67
4f8569df-0ae2-47cc-a717-0e2611ad55fe|688|Alexander|McDonald|2018-08-26|170.85
a881a546-bb02-4bd5-8f50-d69762de35a6|689|Ella|Fraser|2014-03-05|1919.89
e30784cf-9ac5-4283-82a1-b5fe7b8a2607|690|Michael|Lambert|2012-12-17|9203.39
34417356-f9d0-4bb1-bf95-04ee50584bae|691|Sebastian|Fraser|2010-10-02|7813.74
53d89999-4297-4d24-acb7-6cc76ceba831|692|Dan|Wright|2014-02-24|681.19
d5067a94-2332-4da4-bb98-2f50e6a7254b|693|Christopher|Fraser|2016-04-29|4196.32
a5ef931b-eb38-4525-a3f4-90d1c773d65b|694|Jacob|Hunter|2009-07-29|3047.71
1ae4faa4-2899-4b43-b506-de8753d01b6e|695|Joseph|Coleman|2018-09-16|1037.92
75f761ce-501f-47f3-9596-4f8f713b131a|696|Simon|Bell|2014-05-28|9988.5
a61c30b4-4b92-4da5-bc00-54f8a7343bf1|697|Pippa|Fraser|2013-08-16|9462.02
20142491-8d55-4e9d-b8fc-60a0e2839c4d|698|Melanie|Wilkins|2013-06-13|3462.26
46deea2c-a0d2-4227-b915-ca6961e3ab21|699|Blake|Langdon|2014-05-26|1231.23
f29460a2-0b93-406c-9cf3-c8f7bd28b084|700|Jasmine|Blake|2016-02-28|1181.97
5c97ded4-aeaa-48bc-a981-40d633866253|701|Wendy|Welch|2016-07-16|8003.76
d3b3ca0b-e3c1-4924-a54e-3656a2dffc33|702|Fiona|Davies|2012-09-19|8728.96
5240d265-6ead-4f71-8ad1-6b57d97b0ab7|703|Una|Morrison|2013-02-20|3733.34
7eaba19e-27d9-4c70-9732-b44298798dc0|704|Warren|Slater|2009-08-22|6205.36
aa3b0cea-136f-4071-b9fe-bdefa245f602|705|Carol|Harris|2009-01-21|6223.32
88bc1fb9-49c8-4e8f-acc0-4d39d8c5cfa1|706|Oliver|White|2011-03-21|3695.84
74af1455-4c9b-427b-98c6-329d5a4b9e52|707|Nathan|Miller|2012-03-16|1126.57
fb39fe2b-1fd8-4502-80ef-6492cbaf72b4|708|Hannah|May|2010-04-18|9835.15
648566ec-b422-4dab-bcd9-7d9e4e3365e0|709|Jasmine|Jackson|2017-02-19|8725.5
7516e176-543d-4403-9e40-93e04653073f|710|Ruth|White|2014-11-29|4966.28
3770c9bb-4acd-413b-b244-c0263c9bcc92|711|Sonia|Fisher|2014-06-16|3809.78
f1b50a93-0227-456e-b32d-4f5a92c84a68|712|Eric|Fisher|2015-01-22|9032.03
49a00486-e26a-40b2-9901-1d68f2633fa9|713|Jasmine|Hill|2014-10-18|4702.22
aa640772-d56c-4879-ade9-0765a550f8d7|714|Connor|Poole|2011-09-14|1224.66
70bc80a3-fb7c-417c-8e49-c9ae4add4a9a|715|Christian|Wilkins|2012-07-11|7307.6
bc0437d6-eb36-494d-8f54-a5bd2f585c01|716|Leonard|Johnston|2013-06-30|4964.4
1443918a-3aa5-437c-aea7-e6cd861a19b9|717|Benjamin|Davies|2010-12-17|4207.15
7df28fab-fdcc-4513-81fa-b093915d6cdf|718|Victoria|Reid|2017-12-19|9970.19
2b77a6d1-4265-40c0-9556-f5a1330a2fc6|719|Kevin|Vance|2015-01-20|3749.74
90394014-9945-4abb-befe-ed24bfd9927c|720|Owen|Taylor|2014-01-17|1732.39
acf29f5d-7e90-4c5a-88bd-145fa9e06cef|721|Irene|Hodges|2017-02-13|3121.29
f2ac7fb4-a0e6-44c1-95ea-9f05617f8597|722|Lucas|Hill|2010-10-24|523.5
aee27360-6321-4bf6-8942-36ee836ad42f|723|Claire|Ince|2012-10-04|7292.95
eae879fb-7a31-4192-8725-f52b89e19887|724|Yvonne|Dowd|2017-08-09|7492.07
b03a3816-5869-4149-99a0-9fc3c4221529|725|Austin|Slater|2014-03-11|5243.55
870d4197-8d86-4aa6-82c4-b3168216ff5e|726|Liam|Davidson|2012-03-02|33.57
7f3eac67-9565-455f-a529-28e8b96fdd29|727|Phil|Forsyth|2013-07-18|1049.15
a0df5d42-62f4-401f-8d99-ce94935a1d8a|728|Frank|Peters|2013-03-01|903.94
9b30b0c9-f6af-49e4-8a80-57e96e7041da|729|Ian|Rutherford|2013-08-12|9564.47
9fc9bfd3-5f4b-4b5d-aade-eaadbd88a4d3|730|Abigail|Bailey|2015-09-09|846.58
2311b443-9608-463f-a47a-a1fe76aa031e|731|Mary|King|2016-07-23|6239.68
6b239540-f730-4296-bdae-8e0a1df635e0|732|Caroline|Walker|2014-05-29|7200.64
c6d6fded-0c2a-4139-9a8c-ad3d464d8138|733|Lucas|North|2017-08-02|632.83
83fecdd2-b722-4198-9d29-8c83b32a2452|734|Matt|Howard|2014-01-08|8504.75
61f54262-b9f3-478e-b18e-af55e76f28d8|735|Pippa|Morrison|2015-01-02|133.17
ce66ec9d-0734-47d5-a573-862c3bac72f9|736|Melanie|Baker|2016-06-16|9743.91
f37ca0eb-e7a5-45e2-94ed-411be181aa00|737|Megan|Fisher|2015-08-10|4284.68
6c151ffe-6805-4a4a-9464-de9732b98091|738|Nathan|Coleman|2012-11-05|3530.14
9d85619a-4633-407c-ba45-6f44f834a3e5|739|Thomas|Forsyth|2011-01-12|2761.31
ef46bee2-84dc-42d1-9597-4d12174cd301|740|Simon|Ferguson|2010-01-17|1629.42
d4faa571-900f-431e-9000-05ad1d0167d6|741|Emily|Thomson|2017-09-30|5678.98
3e302b18-c8fa-4320-8bf4-a48b329b6194|742|Jake|Rees|2012-07-06|3170.29
a7384d8d-1399-4702-88e8-2027214958d6|743|Elizabeth|Miller|2011-12-09|9578.75
45cdc181-3875-477f-95a0-7a63005d1065|744|Peter|Paterson|2009-11-18|5473.2
ae9394a3-9089-4751-856d-f52860e5d21c|745|Oliver|Vance|2016-03-10|9185.92
f537dab1-8fba-4cdb-bbf8-fdea7bace2d3|746|Liam|Taylor|2012-05-03|6508.09
f155fc17-9569-435c-aeb5-401ab5b2a3d0|747|Ella|Oliver|2017-09-25|1326.36
bf207cd1-be08-425f-9044-072927eabd68|748|David|Dowd|2012-04-27|7035.25
c6861525-e11f-4291-98a0-1964b2e71d47|749|Stewart|Pullman|2015-04-27|2398.29
d031609b-4d7c-449a-a7c6-5b6176b61189|750|Jan|Bower|2010-02-01|1665.54
b6ad443c-2f82-4d30-9da8-97ac6db4040f|751|Gabrielle|McGrath|2014-11-29|6194.77
56bb1ec7-6451-4ea0-b221-8f32a58a9c23|752|Dan|Oliver|2016-06-27|3868.02
fdebec2b-d327-47e8-9442-167ac07b9c2e|753|Theresa|Baker|2018-10-27|6394.41
71fef9a5-4a3d-4bfd-9c9b-8700d01bfe99|754|Theresa|Hart|2018-11-28|9264.57
cd66884a-d212-4913-86a9-be01a0c72b9f|755|Julian|Harris|2014-04-29|3840.3
c071c231-0798-4d0a-97e4-1b1545aecac4|756|Joan|Chapman|2015-12-25|2191.72
d3128cc5-fee8-4c8b-b733-b5df0713f85f|757|Elizabeth|Springer|2014-08-23|5841.26
93fcb0f8-bf0b-4980-b90a-85f87cb51ff9|758|Edward|Simpson|2017-03-13|3860.84
40145e0a-97b9-4b4d-9472-0c7d6ea698cb|759|Robert|MacLeod|2017-04-23|5848.63
27954eb2-b88b-4bc9-9b1d-1839fa03abce|760|Gavin|Bailey|2014-02-12|2125.77
0e309d40-06e6-4c66-a276-15c69113eacd|761|Keith|Springer|2012-05-12|962.28
1334234f-6383-42c2-83f1-d639234932d7|762|Joshua|Ogden|2016-09-30|6685.62
2454f543-8270-4050-91dc-de56f0e872fc|763|Austin|Greene|2017-11-26|866.24
b541b4b5-3854-48d0-875c-78a6d37a5c91|764|Michael|Fisher|2016-01-01|5552.38
b3d24b86-3c95-4f93-aa5a-2b13eb699e32|765|Phil|Sanderson|2011-12-15|2815.2
982201eb-5c04-45ad-bbd6-b52720fc0ac9|766|Keith|Morrison|2012-06-21|1602.07
642314a8-9d0a-4a38-9b18-803bcc0669ad|767|Stephen|Forsyth|2015-08-10|2263.07
33a472e7-ec3c-44e3-a0d0-db63bb2dd830|768|Ava|Wallace|2013-07-09|3550.45
d8216c7b-5277-498d-92b2-6efe95c7a11e|769|Max|Blake|2013-11-24|2771.64
304081fc-607b-414a-8034-34d9a0cf6576|770|Natalie|Walker|2012-08-09|6980.13
ab037af6-d337-43df-9b9a-b84622978719|771|Stephen|Manning|2016-05-06|9192.78
1cb63071-17ae-49a9-9b19-2aad08f7e542|772|Jennifer|Cornish|2010-01-03|9659.59
454eb6af-7a19-4848-b8dd-a9b1b65cfd99|773|Wanda|Reid|2015-10-19|8511.26
74ce1ec8-ca5d-4b53-8e39-e66da92595f9|774|Sue|Hughes|2011-08-27|2837.04
71cca05a-092c-4aa2-8221-6412352b1258|775|Amy|Sanderson|2013-08-09|9692.42
fe8c9c12-a901-48a4-ba8b-3f3b6beb509a|776|Nicola|Henderson|2016-10-27|8099.75
a550cfda-de43-4ef6-993f-f8ab2c0ca01e|777|Dorothy|Wallace|2009-05-18|1592.46
46d0092f-27c2-4300-8f75-05fb3a329a7d|778|Brandon|Rampling|2016-07-31|5248.28
fbad0ca5-58e3-4a7c-9a9c-ecd3fceec36e|779|Pippa|McLean|2012-06-25|1433.84
5b767983-f20a-459c-8d31-8eac4b628556|780|Luke|Hemmings|2010-05-26|7599.55
faa48325-ff0f-4f1c-a54e-5759c3a2634b|781|Lauren|Anderson|2014-01-05|2810.54
d9afe919-a1ea-483a-bdc2-da85f623540d|782|Julian|Wilkins|2016-08-27|2938.46
397d2cf9-a88d-4191-bd47-2afafb959cad|783|Christopher|Glover|2018-02-05|5268.53
d2309390-f714-4949-a85f-9608c9eaca0b|784|Heather|Vaughan|2010-02-28|3790.7
8cdb343c-0e3c-447f-8798-dcebe8d43c0a|785|Samantha|Ince|2014-05-17|6796.95
42e74b3a-8a32-4d7b-9e52-3df733723cf8|786|Nathan|Marshall|2015-08-20|3511.23
8bf0fcdb-9dbf-4782-9f8e-e6971a77e92f|787|Edward|Turner|2013-03-12|1598.93
7bb4a392-8310-4f32-98f4-3dafd810263c|788|Kimberly|Bell|2010-10-25|2601.35
0b01e175-635c-48a0-802b-f6d97471441f|789|Deirdre|Quinn|2010-05-01|55.77
3d778cbb-6aca-45cf-9bab-a80e56b2eca9|790|Luke|Henderson|2015-04-12|4990.41
2dff35df-3c29-41df-9771-59ee81d7b213|791|Bernadette|Gill|2009-01-05|3846.88
96a19f47-1c3f-48d3-a63e-26215618464f|792|Anne|Mathis|2018-12-10|4951.95
5780ff49-1851-4962-a28b-1432bc68668c|793|John|May|2016-07-03|2215.11
62e56b8f-bf11-4708-b726-dd3cc9e8b872|794|Gordon|Brown|2017-08-10|3647.31
2d26d4cf-ae27-4555-9831-e4dbb54d84e4|795|Dan|Sanderson|2017-03-13|5581.83
5a2ac5af-d50d-4dbc-b7fb-576b705e98f3|796|Cameron|Skinner|2017-04-03|5971.66
29fd78dd-5fb0-46a6-a4ad-07e642be3150|797|Jacob|Walker|2017-06-03|8547.79
00c2d997-e024-40cd-b845-55ff92e76c3b|798|Chloe|Ogden|2016-11-13|6075.31
da7e063a-dc34-40ac-9b84-005ee899b79e|799|Justin|Ince|2016-12-03|1317.5
3d43586e-0d3e-447f-8fa3-1ec0471fdc6b|800|Emma|Duncan|2013-02-17|4199.43
a49dca44-4880-477f-8880-dd2a25ad2386|801|Sue|Payne|2013-04-26|8751.82
7c3c76ff-3148-4a17-b1eb-e10843a6d71d|802|Michael|Sanderson|2014-05-28|298.42
fa8c5dd5-99ca-4ae5-9e44-2cf2f9d9bca1|803|Anna|Mitchell|2009-09-12|7462.35
246bce35-d295-4db2-a018-4c09ca7f537a|804|Leah|Scott|2015-01-22|9193.47
fa2de3a5-e654-4365-a6d1-e1536c688c44|805|Ella|Randall|2012-05-18|4934.86
e1a1045d-4c72-4138-8dfa-c06ade1a1b9d|806|Andrea|Wilson|2011-06-30|6151.19
30a6d52a-80a7-4625-96ec-e73ef6a4b461|807|Leah|Wilson|2016-09-19|9469.91
5c4d0f8c-1ea2-4145-b8ec-76400867244c|808|Sonia|Johnston|2010-07-22|3190.42
3f7a4698-a8a9-4a75-bdcb-c808d2058630|809|William|Stewart|2018-12-28|5543.01
2a919bed-a2e0-45a4-966f-6446d8046760|810|Christopher|Greene|2010-10-27|8900.86
d2cfd5d6-9199-4cbd-99c6-30722781fe77|811|Katherine|North|2010-08-07|5718.17
5dd10c14-a645-47cc-a6c0-a5f470ecdf14|812|Amy|Alsop|2014-09-15|1912.68
1fb8568e-f0bb-4e24-9ef8-f6196c9dff0d|813|Jake|Mills|2016-03-05|6055.77
e21a5af9-a314-4998-9807-1a33e55f856c|814|Andrea|Sharp|2018-08-13|1895.57
1cdfba42-e600-48f6-a98f-1090e5498504|815|Jane|Bond|2011-02-02|116.55
144c1ed7-909d-4703-a606-0a05a8907d64|816|Charles|Morgan|2018-10-02|4791.61
a2292310-2ee3-4b49-aa43-583fd414b6d2|817|Julian|Davidson|2011-10-14|2789.69
d8844296-71c8-431f-b4ea-56dc488ae49c|818|Liam|Anderson|2017-04-27|4768.51
9c63ca14-ce43-4afd-8a1b-bc4d0b4fe55a|819|Stephen|Mackenzie|2017-11-10|7165.29
374ab5d0-c447-4160-bc07-1a57273fb8ed|820|Piers|Wilson|2012-03-10|9370.21
4d54adf9-a90f-4f98-b6f3-b1fe009fff36|821|Kylie|Sanderson|2017-11-23|4249.54
8980c908-1826-409f-8730-17a3d5451ef3|822|Abigail|Ogden|2011-07-20|7469.01
10b036ca-94c1-4132-83cf-0905e6e5bafe|823|Carolyn|Mathis|2015-12-19|1321.22
552257ed-d1b1-40a8-9827-cc6629125e10|824|Megan|Cornish|2012-07-29|2165.66
87d818be-0203-4bda-b766-7e3b6f3f80f8|825|Faith|Hudson|2015-12-20|436.95
a1ca3c62-b010-419e-a820-3a1dec938427|826|Isaac|Sharp|2017-05-12|5762.93
26e7bc7b-961b-4be5-9c52-cd915e0ec1dd|827|Chloe|Grant|2011-04-19|1808.09
1a72ac2f-7a2f-4f1b-9562-bc4258e0328c|828|Leah|Fraser|2011-01-28|9097.81
e36d8c70-7467-48c9-bd97-6cbb785d7bbd|829|Robert|Sharp|2014-04-20|1279.15
0066ccd0-e09d-49cd-ba81-b8ac6f06c3bd|830|Piers|Harris|2015-11-12|1917.38
d38e1724-f658-40d6-92da-36a4faf68065|831|Jane|Ogden|2012-07-11|525.29
c95243d7-d8c5-471e-9233-b4a6bad8dbb6|832|Gabrielle|Fraser|2015-07-15|1732.31
b7e71127-ff68-484d-b2df-4d59e8a2ce29|833|Peter|Lambert|2009-06-04|96.28
fe516ac2-2fd7-4c94-9f87-c2aba95d65a6|834|Chloe|Hardacre|2009-01-17|7925.15
2ce3102b-d84c-490d-a025-ace063f4551e|835|Jane|Skinner|2009-05-06|5885.94
e34f496a-c9b1-4186-9ac9-fdceb5d54bd4|836|Chloe|Kerr|2011-07-25|3870.25
81412c93-2a93-49e3-9314-36993bcca0f1|837|Nicholas|Oliver|2012-10-04|7546.8
18e24315-6b1f-4dec-a93c-30264ab737a5|838|Bernadette|Brown|2009-06-25|9538.59
d867cfe0-0101-492c-8292-c76b1442412f|839|Grace|Cornish|2014-06-29|3398.9
96e0f314-04fa-416a-8b8f-fdb738344390|840|Ava|Randall|2015-12-25|8675.44
c333e03c-c12e-4f20-8fb1-1d1a1f4d8e84|841|Diane|Russell|2012-07-17|7357.83
1ff2042b-9f01-4fa0-bc46-57ddca9e7839|842|Dominic|Glover|2016-08-14|637.07
0bb38354-14be-4161-905e-dae11752fbbe|843|Thomas|Davies|2014-11-18|7419.77
2ccb2af0-b0c5-4d72-a340-2539813e4bb8|844|Stephen|Mitchell|2009-03-06|19.04
db67ea72-7c4a-4262-a963-d1cc633ca91c|845|Boris|Campbell|2016-10-22|9716.55
e154dcdb-b556-43a9-95a5-2fe0eda002fd|846|Sean|Abraham|2016-08-24|5734.7
f0a15c41-8b80-4a26-b205-c669e540fa49|847|Richard|Miller|2018-04-20|6251.02
b215ac97-28ea-4fba-9682-29af82d5b327|848|Leah|Quinn|2009-11-24|1672.73
4cc51159-8a8f-4e4a-8005-9354e4a85780|849|Anne|Peters|2015-12-06|8851.42
40064e8d-4bd4-41ef-83bb-dfbed740a5a6|850|Audrey|Powell|2009-12-14|7981.48
eaa38731-4354-43c8-a267-7a701b57828b|851|Sonia|Mathis|2009-08-30|8923.62
dad0e33e-80bd-4e32-8a9d-186735f4e41c|852|Natalie|Stewart|2009-07-09|9121.22
7f25667a-1684-469f-8b78-753ad43687e1|853|Tracey|Baker|2018-04-25|3512.67
735042b5-cb59-4a69-bcaa-81f7854a4a8d|854|Samantha|Newman|2017-08-23|7001.42
0b2a758f-2cbe-45d7-a204-349016a6d029|855|Frank|Dowd|2009-02-12|256.41
193679ea-8a13-498d-afc3-318554c646d0|856|Emma|Miller|2010-01-03|9999.22
4f3a0f59-11cc-4cb0-a447-e58270324ac5|857|Frank|Walker|2009-12-21|5440.01
a9c986d4-b9a9-47d0-8bfd-1960bfff2d2c|858|Lillian|Rutherford|2009-06-28|3439.62
f9b2ce79-c6cf-4210-a3a3-9f670f906390|859|Richard|Hamilton|2014-05-22|3915.83
f88e9883-e529-4c3c-b818-6dad6e17e268|860|Emma|Randall|2017-06-02|2138.24
880d3ef4-c458-4c41-8e8d-82c5ee8b5993|861|Simon|Graham|2011-12-16|2276.57
f154d5ab-3312-479d-90ad-2954ac14543a|862|Colin|Murray|2010-09-11|5480.38
4ca3d218-c314-4740-b574-0cd5cb134e1f|863|Lauren|White|2018-04-09|6484.38
79fcd363-9047-4949-bb81-d567b023917d|864|Gabrielle|Welch|2011-03-26|9463.08
6c507b19-9ca7-4d09-a6a4-5c162592668c|865|Brian|Welch|2015-04-30|9970.07
0d7fc5d7-8ed8-4fd5-b2b1-b93662137c8c|866|Kevin|Randall|2017-10-19|1934.82
881866db-b65c-402a-a2a2-5194e7d3fb65|867|Matt|Young|2014-10-11|56.73
48ab907a-503a-47f1-9fc3-76e89e06d955|868|Rebecca|Hodges|2011-06-23|3570.62
0a35a7c2-da6f-4658-aba8-039a8ecb5f12|869|Elizabeth|Paige|2017-02-03|2813.29
8e1e1ca6-276c-4f37-903f-bb61f89c8b98|870|Amanda|Poole|2009-03-22|8705.08
881a93c7-fb59-4eab-b6b4-f78bddf6efb2|871|Joe|Oliver|2017-10-14|1041.88
10daf603-d02b-4811-88d6-bebb1e38d70b|872|Sam|Pullman|2015-04-09|4000.46
1914d76b-0e92-4292-9bcd-bc7e6aee7ab0|873|Tracey|Smith|2017-12-01|6180.92
4c7ff87e-5723-42f1-8314-cf9b49e63fef|874|Audrey|Anderson|2013-09-24|1807.11
2a718e50-2786-4e3e-93e0-34841586cddc|875|Una|Slater|2016-04-12|4830.83
edecb313-e257-4afc-bc5e-fe19729af556|876|Angela|Rutherford|2010-12-23|9317.13
7556f2ba-155f-4eb4-b5c2-d25a5dbdcc1a|877|Victoria|Graham|2014-01-13|4388.58
915efd38-b09e-4470-94b1-9d73202773c3|878|Caroline|Peters|2013-08-21|5259.36
f4270c10-7a68-4f06-be4b-3001526aa70c|879|Boris|McDonald|2009-04-15|5062.97
3017abeb-ce87-414a-92b5-228c5ee47bdb|880|Andrea|Henderson|2014-06-11|160.57
aca73cc6-24ca-486f-abe5-665c4e1facc7|881|James|Skinner|2015-09-14|898.05
fc552a85-7cdc-42a2-921b-fc867efccba5|882|Andrew|Newman|2014-07-27|2560.4
79ac0b29-0c26-4335-a62f-a906f3d83280|883|Alexander|Duncan|2016-07-25|3531.16
a8611ccd-2179-4c73-9fa3-ef42d4a88d4f|884|Alan|Glover|2010-11-06|8091.96
b2257c94-6536-46bc-928f-86086efd7347|885|Jan|James|2011-08-11|6089.55
baa236b3-28c1-446e-8691-b99843e8b7bf|886|Connor|Buckland|2013-02-21|8794.68
b1c707ec-3260-4309-85df-413a22770e6a|887|Ruth|Cornish|2018-03-23|5039.25
ac443ab9-ecdf-48b8-81d2-2519e1113113|888|Bella|Smith|2011-04-30|1058.45
cfe7c21d-82a7-41ac-9bbe-8119ec96cf74|889|Rose|Mills|2013-08-22|5663.03
6fdf4a25-8094-47b9-9937-062660e1f2b4|890|Emma|Rees|2014-06-02|7510.85
85326d77-d7b0-4d7c-ad1a-94173c56cd00|891|Christopher|McGrath|2014-08-06|2254.14
bf7524cd-6193-417a-a130-94bc0dae5db5|892|Audrey|Carr|2018-02-17|3891.83
c4561602-7138-4c55-86ae-7f667cf55559|893|Liam|Miller|2017-06-26|4517.92
1711df9f-cd84-4384-9369-9554814118b5|894|Madeleine|Morrison|2010-02-21|8242.83
bc3cb9c3-e27e-4729-b334-e09cda731209|895|Phil|Gill|2018-03-10|9472.62
37c349d8-c21b-4a5a-b160-05d01a63c6ad|896|Wendy|Robertson|2018-07-07|8960.21
cff54dd3-8885-46f6-8d7f-1e99d3fc4233|897|Leonard|Hudson|2015-07-25|4937.02
1092bd79-aed1-4560-9dee-e03deae0001f|898|Carol|Lewis|2009-05-21|2946.12
76e54da1-987a-4cfe-bea7-7eea51aa313f|899|Molly|Gray|2018-04-09|4057.98
834b7542-3f20-411d-b44c-4f56e5bd4122|900|Amy|White|2012-06-05|9553.06
d9a6b8d3-dd57-4548-8587-3e0814451af2|901|Sonia|Coleman|2014-08-05|1461.08
88dea936-ad3f-4c89-83d5-2ba35e727f50|902|Samantha|McDonald|2011-04-23|5044.79
7b69ae8f-5750-41ef-b08e-c74bc87200b5|903|Connor|Gill|2015-10-06|9441.69
9ba6675d-770d-4353-a131-1b8670dbdd09|904|Jack|Parr|2010-03-03|9186.68
7709533c-c24c-4c37-a2d3-08565c5a078e|905|Sally|Ball|2018-11-19|2426.86
068f0c4a-2d95-44a8-aa0e-038ca3479ae5|906|Nicola|Gill|2018-08-15|9426.69
39acdfb9-7867-4bb1-9b1b-3d3530dc56ce|907|Isaac|Gibson|2014-07-07|9127.03
c389c54d-09d4-49af-b73a-f9f75490495e|908|David|Campbell|2011-01-02|116.18
8a8ce8ab-794a-4387-97a7-0f43517f6ef5|909|Joshua|Thomson|2017-03-26|4912.32
0c3ae258-4150-4021-a02a-28a8aae6d95d|910|Una|Jones|2014-08-14|6740.49
e4413f29-e548-4827-9fec-a0f9b511d0f1|911|Owen|Simpson|2015-05-11|7756.84
ce7409e5-5253-4cf8-b4b1-e98e53cbf907|912|Sally|Miller|2017-11-02|9343.8
07eaf185-409d-4b71-a1ee-5b930e1fed84|913|Ava|May|2016-12-13|5820.1
d5b78108-eebd-4dc2-b343-5c13c3804e17|914|Gabrielle|MacDonald|2012-06-16|9153.89
2ed14fe4-bbb0-490b-96f1-f9353ddc26c9|915|Jane|Glover|2015-04-18|1924.45
c6404800-83a1-46a8-9b75-f2c4a758cd9b|916|Evan|Fraser|2009-05-16|4788.14
0d5f2a1e-e210-4928-9733-a04d62e07ad0|917|Justin|Gill|2018-06-20|2890.32
2eb7ca7f-1f2c-4295-8d5b-122abfd75dc6|918|Alexander|Hamilton|2009-10-30|7810.65
e868cbf3-325e-4c7c-a6db-70d75a27263c|919|Olivia|Graham|2018-04-20|2353.71
2cb75b38-90dc-4719-b987-eec4d319ab53|920|Jacob|Mitchell|2016-10-14|1767.99
36e12c0b-bdde-4a8f-b1fb-789e719dbfb7|921|Kimberly|Hughes|2015-08-13|7764.81
8c316138-91d8-4836-9995-8110c865d28a|922|Ian|Terry|2009-09-23|9423.36
83000fe3-3b51-4874-898c-8db3c6056b94|923|Joan|Morrison|2016-03-16|9553.03
6a78b082-6397-4fd9-8063-150318df60b2|924|Leonard|Rampling|2012-08-10|9421.23
4199072d-3845-498d-8448-1eb61fd19e45|925|Sophie|Cornish|2011-11-06|9400.12
3d65fcd7-3cd8-4a1d-85a0-63442947572f|926|Trevor|Mackay|2016-10-30|9495.25
6346a593-3bf3-485d-88e0-030bb32ce3eb|927|Dylan|Mackay|2010-05-30|9967.38
6bacac9e-4243-489c-b0db-b891c0d1c6a0|928|Brandon|Glover|2009-04-05|6785.23
7105e822-2887-4c23-b8d1-a91abbe63e33|929|Anna|Payne|2015-01-24|296.86
48c84af9-2096-44e2-bd2e-26341e94f0a8|930|Jason|Hodges|2009-02-17|4849.2
cca04c48-3dad-42bc-9a32-e490f6b2666b|931|Dan|Roberts|2010-07-22|4358.02
8fef9163-b3d4-4b91-8a33-9b91b18b8192|932|Ella|Arnold|2010-06-01|9913.38
68a53b75-bfd9-49c1-a264-eafcecb14357|933|Sue|Metcalfe|2018-07-03|2726.79
e3909927-2418-4849-ac0d-2760216e6aeb|934|Ryan|North|2010-08-14|3284.76
e0ace48d-d329-45b5-98d4-470d7d2f8c23|935|Dominic|Wright|2009-08-30|132.55
7f6ce468-dd23-465a-bdf9-07ac9d9cc742|936|Victor|May|2011-07-29|8176.75
4675e0aa-bfa0-4a7f-b637-667864d88e4e|937|Bernadette|Hemmings|2012-05-04|3249.55
5991a579-e80b-4ad7-8ce5-2e477d10d5aa|938|Karen|Langdon|2015-10-19|7835.96
9b4cc628-f3b6-4eb7-92b7-20c5c46d00a7|939|Carolyn|Bower|2018-03-23|8421.98
f6c7f040-e7d9-4c84-86a9-69e3d4eb2969|940|Luke|Mackenzie|2010-11-16|4250.67
4a304844-9e20-4c1e-81be-40f220f2476c|941|Joan|Davidson|2010-08-16|2493.02
03e63cb1-2487-40ec-bfd1-8fa0b93fa849|942|Madeleine|Buckland|2009-03-02|8458.64
65405093-fa6e-45b5-bd03-7573677abedd|943|Michael|Robertson|2010-05-03|4401.9
816c7f8d-661d-4c16-b579-be97910ce610|944|Boris|Kelly|2010-04-28|1866.7
d96afc69-79ce-4515-b6e0-9590b3fccc9d|945|Warren|Lawrence|2015-06-03|2015.44
d17f6936-b816-47b1-8e54-85b94b47273a|946|Harry|Campbell|2015-10-26|9744.21
9dfeb5ab-9655-42b0-bb04-d65c376d0bfb|947|Dorothy|Berry|2015-09-14|3053.2
9c39952b-3526-4948-b81f-22f7b1de09ce|948|Amanda|Mills|2009-02-10|1858.02
a33b9b7e-1581-4e04-8117-9981fa448fae|949|William|Lawrence|2009-09-10|4037.09
30d4a1a2-e3f0-422a-ad7b-574f8b9a246e|950|Faith|Springer|2015-09-02|1260.11
1efa47c6-5453-4255-ba93-e52332b09c61|951|Ava|Cameron|2017-01-08|914.61
5992f1e9-74f2-49cb-96d8-4c9cf2c5ff34|952|Jason|Robertson|2009-12-04|5745.39
c9a79892-84de-4d2f-a9f8-824b205ad96e|953|Caroline|Butler|2011-12-18|7567.46
dabf03d2-fc17-4a25-9fac-20d9dcee9ca5|954|Harry|Mathis|2010-05-28|8311.2
88a6f9e4-ec87-4af0-bd4d-1455f70c5bc4|955|Heather|McLean|2009-12-25|4299.53
062e3ef8-8b9a-4529-b19e-f054d1552c9e|956|Abigail|Metcalfe|2015-08-16|9002.63
442f7087-b838-4cf8-8a57-79352ed7de13|957|Frank|Baker|2014-12-27|8177.34
460c7f4f-10b1-4daf-a2d2-7116d111facf|958|Vanessa|Glover|2009-02-26|84.34
e34e1aae-0f7c-4897-98f3-e9b0e86ca71d|959|Kimberly|Kelly|2017-07-06|2636.08
036c1d02-39ca-45ee-80b8-be0b70d07c97|960|Jasmine|MacDonald|2010-08-12|9344.28
48528000-1467-45c7-9bdc-0dab37bee3dc|961|Jack|Poole|2018-01-07|133.97
59fa6f63-152b-4e47-a951-24aec293b09a|962|Donna|Russell|2011-12-24|668.47
b5f1c660-6c6d-42de-a4e9-60bb8c321ea1|963|Irene|Coleman|2011-07-29|5019.16
ffb9d9b7-b895-4176-aadf-fbddf2b74c6a|964|Ruth|Mackenzie|2016-06-26|948.01
b497f0f3-b2aa-4c36-93e3-555ec440902e|965|Mary|Watson|2014-09-14|7369.89
b757bb70-9eef-4956-839c-520ec5d6c9c5|966|Carl|Murray|2017-06-22|5890.7
16a14094-5d14-4459-99b8-6fbe588c6bed|967|Mary|Ogden|2018-09-05|3432.37
91e37b90-a190-4d13-a6c3-66040f4e64e1|968|Natalie|Piper|2012-05-28|8525.76
fa1e8669-9d8c-4c92-8cf4-915b83e81366|969|Christian|Metcalfe|2012-01-08|6064.17
be73e639-fcf0-4cfc-83e6-8bbb19a1c9a4|970|Andrea|Roberts|2018-05-18|2282.42
a0c64501-7d3b-47e2-bcc3-3b30128f9e0b|971|Amanda|Ogden|2010-06-03|1517.26
533eb859-d564-426e-b35e-ff4959ddd363|972|Richard|Martin|2014-11-27|4924.09
15029d82-701d-4640-aa70-24b9f3f7a6d9|973|Caroline|Campbell|2014-12-28|9101.13
7cc79379-d008-483e-a607-19a05717216b|974|Julia|May|2018-04-13|3135.56
2adb4040-1660-49da-b36d-c71defc95d1d|975|Anne|Pullman|2012-11-17|769.69
efd80a63-70bf-4ab5-b838-fef4080a535b|976|Diana|Fisher|2018-08-29|2063.82
b89662b8-8c96-48a4-ac2b-40b9a1b13025|977|Stephanie|Randall|2010-09-05|8896.87
4569c785-dd78-4ad7-9f39-d8323dfdf800|978|Penelope|Paterson|2010-10-20|1361.84
bc70779e-cecb-4c55-99e1-2ce6c5fe8625|979|Alexander|Ellison|2012-07-01|2118.28
29363d57-cd65-4cad-bde6-81be8294366b|980|James|Paterson|2016-06-10|2727.83
4e2a3666-51c1-4bd4-845c-804d7b24f883|981|Brandon|Howard|2014-09-07|5310.82
3f32fe63-3ce6-498d-8239-d1194ae72e28|982|Ryan|Piper|2012-01-01|4843.94
298275af-6fc4-4c05-99ba-dbdca8223188|983|Christopher|Forsyth|2013-05-20|6720.47
d85b8d11-46e9-4fd3-9a12-2cbd7f73acdb|984|Jonathan|Graham|2009-07-03|6493.33
cb94ea52-aa25-4e84-b344-ea35f29cd4bd|985|Jake|Edmunds|2014-01-11|414.26
0a6b660e-adb0-4d61-9391-ba48e3c4521b|986|Penelope|Brown|2011-12-18|9150.71
7fdeda14-d001-47a9-907f-7fd9773b38d4|987|Owen|Burgess|2011-10-26|4627.61
2f15e2a6-2f7a-42af-963e-5e650f81e4c2|988|Christian|Watson|2016-06-05|211.43
6e762226-5933-4609-89c3-347432c39c0e|989|Theresa|McGrath|2015-10-27|8929.46
9c424ff6-cd90-4f0f-a2ac-a3bbd723cceb|990|Nathan|Lee|2011-09-28|8983.2
7b694744-a173-4add-a31e-c9e531113532|991|Gabrielle|Sutherland|2009-03-16|9523.25
a18beaa1-3929-4188-a75c-11067b7f40ed|992|Ava|Russell|2011-09-13|7545.62
17b5d351-bf36-4808-88e1-e1ff8fc5367a|993|Elizabeth|Payne|2009-07-10|1935.08
f9a2dddf-78e5-4e9f-8ae1-179c2f7bbba6|994|Madeleine|Ball|2014-01-11|8238.09
f92fae38-cc7d-41c3-b983-8d12dee3ae33|995|Sonia|Lyman|2014-03-14|2377.29
43d15731-1343-4612-8838-8a7cd0647bc4|996|Isaac|Coleman|2016-03-14|2534.72
decf71ab-3063-4db8-a6ee-9f040d01b6c8|997|Christian|Young|2011-06-13|6490.78
9121c0b4-ee76-4027-8b6a-c9fa27776489|998|Lucas|Chapman|2011-08-01|1902.85
b7802e68-78d9-4f21-a2f2-657127930c3d|999|Julia|Ball|2016-11-27|9125.64
1f7de26d-812e-4640-a201-cbf80fe29d4b|1000|Angela|Metcalfe|2010-05-18|9145.87
44a72d37-1746-4fd8-a32f-95f19cef8dca|1|Ella|Bond|2010-05-22|2402.66
489f9b5b-d5f1-4785-a0ed-c08040c4c500|2|Sonia|Rees|2016-12-08|8124.64
96e10943-b39f-4367-a966-93f20b256c5d|3|Colin|Mathis|2013-10-09|8737.1
c400afa8-6615-46db-9ede-e491fa8c5acf|4|Christopher|McDonald|2010-08-06|1343.66
c1d6001b-8746-4851-8ff3-4a753d50feb8|5|Hannah|Short|2010-01-04|9483.31
9674a1e9-9361-49ad-a4ad-ec69f2f8e7fb|6|Charles|McLean|2009-12-22|2271.69
1a643d9f-20cc-4332-9dad-53d2aaf02b3b|7|Melanie|Churchill|2012-04-30|3685.11
365a61a9-7591-4c04-93f4-f5eb1db6da19|8|Zoe|Morrison|2012-08-02|3747.72
fca1d861-198c-4d06-85fa-3e07fc907f10|9|Frank|Hill|2017-03-17|6905.56
2e32378c-cc85-4f50-8e39-69db451540b8|10|Sally|Pullman|2012-12-05|8426.3
6bfa2479-e8fd-41f3-b107-0e58da6bdf99|11|Anthony|Randall|2011-07-21|6593.27
8ff0f2f4-f42d-4750-b71b-921adbe32506|12|Molly|Avery|2014-09-26|846.1
c410360d-1af3-463e-9541-0e93bb6d0ed2|13|Penelope|Arnold|2009-01-09|4044.84
7ddb73ac-b713-4a9b-83a1-9940282588e8|14|Oliver|Brown|2018-08-17|4849.9
ce0520a3-63fc-4816-9668-99b5636c13b3|15|Christian|Carr|2011-04-04|9424.67
b404d800-8b69-4397-b8d6-805532bde6c0|16|Neil|Young|2010-07-25|2618.69
48ecd3ee-e70f-449a-9a39-9d3192d6124c|17|Felicity|Lyman|2018-10-19|4693.18
beb42857-73b9-400e-a3e7-7ae61940a0c1|18|Austin|Quinn|2016-06-04|8686.4
9c34787d-a6e2-4f8f-9b69-9f8aff6d134b|19|Alan|Quinn|2017-09-21|3015.45
55d4cede-40ba-41a1-9f90-dcfc4422a7ea|20|Elizabeth|Poole|2015-08-25|6887.44
b633c29f-4bbb-4886-bab7-7ecbb824d08a|21|Peter|Buckland|2012-09-05|859.49
78860895-9492-4a55-9c86-9ee90956c290|22|Irene|Newman|2015-11-23|8864.01
fc5cb01a-9e8b-4a1f-9b0d-6c28207de5be|23|Ava|Berry|2010-10-13|5433.45
f9244016-d090-4c46-9737-4dd72c20c06d|24|Una|Piper|2010-04-17|6601.15
24f09af5-3682-40fb-a768-07a2ddb12eca|25|Joanne|Morgan|2012-07-12|5690.2
3468cdd2-5a19-4ebb-87d0-86e13e8b59c8|26|Abigail|Lyman|2013-05-20|3244.54
f17456bf-f0bf-4865-9db9-1fb0838129ef|27|Dylan|Morgan|2014-04-28|2340.58
e26f578d-127f-42c1-b034-1173ad16bc77|28|Michelle|Ferguson|2016-06-07|6563.01
bdd6279a-27b9-430c-ac7b-e08536730763|29|Benjamin|Arnold|2010-11-05|3009
ce0237c7-ce2d-4e65-869b-108a17612914|30|Leah|Terry|2018-09-16|4036.69
aaae1c93-2644-47b9-b8a7-46c1c7e575f2|31|Edward|Sharp|2012-10-27|2935.26
588a54b7-5320-4bd2-98aa-faec4d7198b4|32|Deirdre|Berry|2018-01-31|766.15
980adc2d-22bc-4928-a311-27919a8a8b3f|33|Paul|Taylor|2013-06-03|722.79
380fa89b-a105-4d04-8ebf-989493c69ecb|34|Dan|Mitchell|2014-12-09|9952.24
84e78dae-6630-42d9-91d7-e5c2fa6bc5d4|772|Jennifer|Cornish|2009-04-25|6765.73
fd73025a-876f-4ee1-b838-36fa2328d252|773|Wanda|Reid|2017-02-22|1173.63
cc7ef49f-df4a-49be-bfc5-3eb9e4d3a378|774|Sue|Hughes|2013-06-01|9566.72
7629bda2-17d0-4a5e-9cb9-9ef943b88cc5|775|Amy|Sanderson|2015-07-21|6214.35
942b4af6-1665-4d4f-b88f-6e46837d2637|776|Nicola|Henderson|2016-04-14|486.55
622ac6db-db00-4569-959a-b306feaab515|777|Dorothy|Wallace|2011-12-16|9578.98
313573fc-c60c-4d56-a3a9-62f4d315d8f5|778|Brandon|Rampling|2012-10-19|7672.07
3c881718-0d39-4605-8aa2-2fffefd64ba9|779|Pippa|McLean|2015-05-30|5167.35
885a889d-da02-43b9-9f8f-15a689a98b73|780|Luke|Hemmings|2015-09-07|9440.6
eb1571d8-0114-43d5-83dd-e2c5ead637d3|781|Lauren|Anderson|2016-02-20|3499.42
ce2cf17f-e738-4bfa-be0e-63bb824ad715|782|Julian|Wilkins|2014-05-08|3827.22
04731d10-7b57-42ca-ba98-3ef12933aef3|783|Christopher|Glover|2014-08-29|1092.95
e3687813-a5b6-41f9-8caf-c3540d271afe|784|Heather|Vaughan|2018-07-02|6492.34
b60f9b8b-3238-4a2c-846a-ab7b7bd21f24|785|Samantha|Ince|2010-08-12|4936.18
7a2e0c33-28ff-4a30-8d37-47b48f291e6e|786|Nathan|Marshall|2014-02-15|3660.1
fc7e2d01-a92b-4226-bcb5-9e59226b308e|787|Edward|Turner|2017-12-06|2634.86
aa8289a7-71f8-4a4b-bc9a-90afdb511624|788|Kimberly|Bell|2013-03-23|7817.04
19c9f3b6-cfb4-4d74-b202-e74b898d3f67|789|Deirdre|Quinn|2009-10-30|403.83
3b1b322b-0a7b-4f3a-a375-60a9fb45e53e|790|Luke|Henderson|2018-01-18|6683.09
68b06d30-672f-4e98-b0e3-e122b9c96f83|791|Bernadette|Gill|2013-08-26|1630.51
4eeeeb60-789b-4d11-b8ad-b4a07771a554|792|Anne|Mathis|2011-05-30|324.23
dd88cdec-8674-432c-8092-4b6ac09ca39a|793|John|May|2012-10-18|9335.29
7648dd9c-8c1f-49fb-98cf-296a8ad12d4c|794|Gordon|Brown|2015-06-30|4113.43
e5747f64-569e-489b-a8e9-49466b645b66|795|Dan|Sanderson|2017-06-07|294.3
c89458bb-dc40-4947-876f-8da81390074d|796|Cameron|Skinner|2011-09-02|1754.04
01f984b5-d5e1-4dfd-9aa5-9e9d0259397a|797|Jacob|Walker|2014-10-04|6807.93
1f8e63db-15ec-433e-b3a7-1d9d7365fb05|798|Chloe|Ogden|2014-01-31|5666.01
ac2e84c7-5736-4974-81dc-dfdd8396a393|799|Justin|Ince|2011-07-15|9264.57
68dce745-bcd8-4603-8308-e77d428bc82d|800|Emma|Duncan|2010-03-29|9120.57
208d98ac-1f1e-4da4-aca9-490421e700af|801|Sue|Payne|2014-08-18|4595.49
043ec2b7-06b9-4673-b3c8-c572358d3eda|802|Michael|Sanderson|2015-12-27|4220.69
da1e0601-cb75-479b-9cfe-de168f1e3030|803|Anna|Mitchell|2012-02-28|4168.03
b7c71718-2ec4-4690-b7ca-5c2f2b2e3e00|951|Ava|Cameron|2014-06-22|3322.28
2f6eca82-27b5-4ffa-92d1-3a2b1be6bf0c|952|Jason|Robertson|2015-04-30|2065.17
b4898251-13e1-497f-9bfb-989d67de10fe|953|Caroline|Butler|2016-07-27|326.99
70b1d174-9ee4-4195-add0-29c646e3c731|954|Harry|Mathis|2010-06-15|7626.45
bb2ec4d9-6ed0-4929-8823-786c9d2d591a|955|Heather|McLean|2014-10-23|9002.03
af81318d-b9cc-4a4b-a3cc-6cf852814bb8|956|Abigail|Metcalfe|2014-06-08|2336.18
0a8e4998-08b6-42df-846e-7ab55aa303c1|957|Frank|Baker|2016-03-16|2744.6
99e2c988-f510-4448-97ef-3e292680c62c|958|Vanessa|Glover|2016-05-02|5615.81
7b123e72-daeb-4a93-a04e-8f69e62295c6|959|Kimberly|Kelly|2017-02-18|7331.73
7785fb27-7410-4d61-b4d3-545daa71ff1d|960|Jasmine|MacDonald|2011-12-08|4787.56
90b4ef3e-e02d-4137-9674-c2193425790e|961|Jack|Poole|2018-11-01|1118.9
35306420-a77e-41e9-9f8c-5e74e06e0c40|962|Donna|Russell|2009-06-04|3485.8
396c3f69-88d7-4c05-b09d-f8d9e02f6bda|963|Irene|Coleman|2009-11-15|9076.82
da422c10-14c1-42c1-ab3f-1f7565f3d633|964|Ruth|Mackenzie|2016-03-25|5851.97
867d334a-84c2-4937-90d0-3d9fc8a6298c|965|Mary|Watson|2010-02-01|7341.2
57f20c0b-c005-400b-8e43-eee0191ca338|966|Carl|Murray|2015-09-25|4020.64
858c7b1b-c2c8-4601-b41e-e41b9105b08c|967|Mary|Ogden|2014-12-08|5175.1
d44d571b-1d79-472e-a371-ed530cdc5f29|968|Natalie|Piper|2018-02-24|7028.89
484c6b2e-5bce-422d-a230-6ab1e2caad20|969|Christian|Metcalfe|2018-01-08|8111.7
1bb709de-149a-469a-ae93-ec72affdb8c3|970|Andrea|Roberts|2014-11-25|9387.04
e118a099-ea2b-47f1-ab53-140b2786c581|971|Amanda|Ogden|2012-10-20|9975.94
7f4b231a-d5d1-4ef5-96ab-da31af03a666|972|Richard|Martin|2012-01-09|347.35
8b3885f2-45d1-4151-9dfc-920fb4952add|973|Caroline|Campbell|2010-02-10|4874.43
e85a751c-1fc4-4ac6-9ca0-34fac191c734|974|Julia|May|2014-05-01|1626.73
832d1e61-821a-454e-af42-324e555663de|975|Anne|Pullman|2009-05-12|1785.58
bd620335-4a44-4ecb-840f-bd82446e4b6c|976|Diana|Fisher|2015-05-15|4912.46
48629e0e-7d1e-4a98-bcc8-3a06525aaaaa|1|Ella|Bond|2013-07-04|5465.12
64d12753-1eea-4537-abce-42fd123f2f8b|2|Sonia|Rees|2016-06-09|1085.2
d1adc1ff-6986-42f4-9e8f-8950edfa9d3a|3|Colin|Mathis|2011-05-09|4132.99
21da837e-0859-4665-84c2-c856b293bcd3|4|Christopher|McDonald|2015-02-27|6520.4
cd5059db-ae48-40f3-a87b-efbbc632c351|5|Hannah|Short|2016-01-31|8624.3
f085da51-5dd8-4d94-a06b-dab43c20b840|129|Tim|McLean|2015-12-24|5539.44
74038324-7d8b-41dd-a39b-c8288d2da0fd|130|Sebastian|Hill|2009-07-15|6592.67
c1653cb1-3ba6-44c1-9d47-b0bde95749fd|131|Jonathan|Anderson|2016-10-28|6239.87
7c783aac-2856-45b9-a6b4-7910e091e030|132|Sally|Langdon|2015-05-21|595.68
aa9f2982-d873-47b7-8285-74cee7fbc0ee|133|Anna|Simpson|2018-01-14|6704.92
71439684-4bc2-4153-a97f-6c62fa3489f0|134|Diane|Hardacre|2009-11-28|1041.64
48845de2-a246-4a26-b770-d6496971b18a|135|Kimberly|Stewart|2015-08-20|6407.84
687b64d0-d856-4417-bc1a-e3ecdccafaf6|136|Fiona|Alsop|2013-08-08|9822.92
ab257880-4ed1-46bf-84a6-afc6448c584d|137|Eric|Peters|2015-01-04|7552.46
3a9bc06c-f577-4267-a4a7-b3782b54c152|138|Blake|Hill|2010-02-18|517.34
f4ba2dd0-7841-40f2-8769-68bfa056cb1f|139|Neil|King|2012-10-08|5810.85
92b2ec13-4d27-423b-bb30-54bb9b160021|140|Jake|Powell|2014-11-25|1812.64
622cb3dc-8687-4fe5-ac33-a5c396e5c98b|141|Jacob|Watson|2009-10-18|5340.99
ee20ed88-e823-4e08-926f-5f7776492b1b|142|Jack|Lambert|2010-05-13|5006.43
43582aaa-24ed-40d3-be54-bc41784905bc|143|Tim|Harris|2017-01-16|132.8
8339b959-1e63-4e5d-904e-20131055075e|144|Lisa|Metcalfe|2013-12-01|8649.57
96035f26-e11d-44e9-9290-e869ba465e0f|145|Austin|King|2014-06-15|6572.5
8a2a656f-2014-4d3a-ac92-fadc59a82db8|146|Claire|Miller|2012-06-23|8784.43
385ec3b7-23ea-4352-8fa1-435c500fc631|147|Rose|Vance|2009-05-04|8624.45
81abebd9-b7df-4be8-b305-ea8cb0b259db|148|Liam|Knox|2017-04-01|7932.4
7c10c85f-e854-4d1b-ab79-58ffa2068ed8|149|David|Tucker|2015-03-02|5097.06
ea9be812-c7e7-40c2-a44e-becb48a60f31|150|Colin|Carr|2009-01-15|4155.15
42c06121-9608-4440-84b4-4d92267e3381|151|Joanne|Hill|2013-03-10|7554.27
3d5a3065-1310-4bef-b869-95b70a8796e0|152|Anne|Gibson|2016-09-22|804.6
4ab03737-60c5-41b0-a0de-1d825f4f8373|153|Claire|White|2017-08-01|9722.12
b06b3646-f325-46dc-b9e0-f6de6fc5151a|154|Kylie|Pullman|2010-08-26|6960.02
76c92c89-c8d3-475d-b075-16f99710394f|155|Lucas|Parsons|2012-12-30|5908.48
45cc745e-ea6c-4ea8-962e-ceee3d4bf7f6|156|Karen|Hughes|2017-10-13|897.22
572974f4-404f-42fc-8857-4192ca779d81|157|Kimberly|Mackay|2016-06-30|5439.38
f9de3742-98b3-48c7-9d11-833a30eed39b|158|Samantha|Carr|2011-10-30|5530
4df10312-7467-4bc3-9068-cac7f4a6bf6a|159|Penelope|Fraser|2015-11-02|653.53
330576b3-9f65-4685-9781-8a0dcba79bf3|160|Elizabeth|Butler|2012-02-22|6389.6
dea1de1f-1ba6-41d3-986b-839a9a89a863|161|Keith|Chapman|2012-03-18|5478.25
8acbcecb-052c-40bb-882b-fa7fbfbeb1c0|162|Jack|May|2014-01-27|3922.46
d254513f-d342-4145-961a-07be3710906e|163|Gavin|Lyman|2013-11-16|9388.61
95c19131-f164-42e5-94f1-2ac71fb87a62|164|Christian|Payne|2018-11-05|3729.66
2831c24a-de2f-4bb4-8bd6-e8170f23d2b6|165|Stewart|Berry|2009-11-20|9572.78
8893779f-19c5-4b68-8068-ee7415b201ef|166|Amelia|Arnold|2012-03-23|2652.76
c9a4c7b6-f141-423c-8be3-758375ad8d74|167|Diana|Paterson|2017-09-23|5472.06
297f69d4-bbba-4f71-b683-28de17c7df40|168|Brian|Graham|2010-04-05|758.69
a916c91f-52dd-4b5a-826d-5262195d68a4|169|Ian|Berry|2011-03-08|9148.49
25b2acbc-a6d8-482d-906d-f97c97cfb35f|170|Leah|Gibson|2009-09-26|8219.3
e2b63762-19f9-4742-9c89-170e94f08f79|171|Sebastian|Ferguson|2012-08-05|5446.71
2a542539-f576-4811-bf14-4d98dcf75098|172|Adam|Jones|2014-06-02|5608.35
444bb147-15af-4052-b944-3d5a43c02914|173|Boris|Skinner|2016-07-31|5766.2
190dd30e-b1a0-4126-a963-3dee73a521aa|174|Warren|Mitchell|2009-09-28|8669.96
f85be22b-d1d3-49c8-bb04-4a2b88c9a8d5|175|Blake|Brown|2013-09-05|8481.73
420642db-658d-4c51-bb4f-89b269af0a2c|176|Ruth|McGrath|2018-02-05|3582.38
a2bbcd6d-b984-4550-8ebd-2dfcad161bec|177|Ryan|Manning|2015-11-26|7009.49
b8d16826-1700-443c-9d8c-e5d0e434dabb|178|Paul|Clark|2013-12-07|1163.3
feaf754a-94c0-4f69-a6e1-323b300cda3a|179|Emily|Hudson|2016-03-26|5823.57
9a757ecf-6153-4a16-abc5-9f1775360cb6|180|Ava|Alsop|2015-08-21|3574.26
53f27af9-6dc4-4fd1-8278-864803ad79d7|181|Kylie|MacLeod|2016-01-20|8681.18
d3300a7d-1e98-4cb1-9ddc-112259588b76|182|Fiona|King|2011-03-23|1207.94
24127fa8-f023-4f77-8069-b0f5403ee4da|183|Jake|Gray|2011-01-30|4205.69
57e51919-0e12-4bad-8c95-68f2f3c026cd|184|Stephen|Vaughan|2009-01-03|6040.07
9a3cfbbf-62fb-4c85-9dad-9780cb689dff|185|Irene|MacDonald|2017-02-08|4085.26
742f7fb1-2073-4832-bbbf-127e31291788|186|Anna|Young|2018-03-20|657.67
f0730395-cf92-4e55-906a-5692426dae42|187|Lucas|James|2011-09-09|9496.18
0b29857a-c657-4c2e-961d-ba3bc891b544|188|Benjamin|Ross|2013-01-08|8406.7
13397f8a-62eb-46f0-857b-2fd473e68c48|189|Rebecca|Randall|2013-02-22|9612.84
a9364e68-0847-4dd8-b5dc-85c70070bb41|190|Boris|James|2010-05-08|303.26
28511e23-97c6-4f29-8a64-75afadb6f584|191|Sean|Vance|2016-11-30|1657.06
776b642a-800b-422f-96af-a6201c942a64|192|Carol|Walker|2017-09-18|5755.52
38cab84b-760b-4f6b-8e54-ff0ff77b7412|193|Lauren|Paterson|2011-05-30|7623.46
cf6d961e-91ca-4bdd-b818-0979cfb27a33|194|Pippa|McGrath|2014-11-08|3980.97
63048150-fbaf-457f-bf54-f61815bf86cb|195|Yvonne|Knox|2018-05-25|4861.05
0dbcc8c0-441a-408f-9b93-42a7bf7dab33|196|Dan|Lambert|2012-11-24|7047.13
ba9ffb9a-d3dd-4827-a392-101fb6c0f10c|197|Thomas|Ogden|2009-12-09|7249.75
63656c8d-162b-434d-aa11-837699e58a37|198|Victor|Burgess|2011-04-14|9075.58
0b75bee8-aca7-4e2f-8849-9d627b0a913a|199|Warren|Underwood|2011-09-20|5461.95
c73ca288-8f20-4e4d-8b41-2cbe507b9271|200|Virginia|Greene|2010-12-25|6316.46
19c3ac5e-7118-4659-8918-22c065ace17e|201|Austin|Wilson|2012-10-21|2937.66
8ce7e99b-029b-4973-a35f-55692b78756b|202|Dominic|Davidson|2015-11-23|6134.97
482c3faa-e177-4123-995d-5d0782db9d6e|203|Fiona|Paterson|2010-02-25|242.65
e4170276-7599-4889-be70-13913da0f1c6|204|Dan|North|2016-11-25|2752.33
b65725a3-fd4b-4c2e-8086-18b10da16563|205|Harry|Glover|2015-03-20|829.44
29d1af52-533a-4e50-8172-f397fceccb14|206|Olivia|Jones|2009-06-25|5048.97
1d31ccf2-7ba0-4839-932a-be13ebdf5d31|207|Yvonne|Ball|2012-06-21|2839.37
eb40f287-3de8-4d57-8c3b-3b56a957d63d|208|Mary|Kerr|2018-07-21|8361.77
06cd72be-3b0f-47b1-8edf-3cd9925d3829|209|Nathan|Wright|2011-04-11|1401.94
1b2d80a3-4e3c-455b-801a-fd09b7c6eabc|210|Christopher|Coleman|2014-02-09|2135.67
c9541b8a-9d08-4555-ac8d-ce096fee6a9d|211|Wendy|Stewart|2018-02-02|6106.39
398e6fe4-cbe1-4df6-aff4-578556b4f207|212|Liam|Hemmings|2015-06-25|2673.14
322ec13e-0488-4ca5-a68a-a79bebee9806|213|Alexander|Chapman|2009-05-11|1381.55
dc84759b-2c5f-4c73-8dd0-9dcc0b241fdc|214|William|Young|2009-09-05|5299.88
addf409e-f7d0-46f5-8f43-3b93d11225a4|215|Adrian|Lambert|2012-11-18|2450.56
9be792c3-27f0-4f05-8b0c-8fddb3cc7900|216|Deirdre|Scott|2013-02-27|2096.2
a63b8bb9-9077-4e0b-b2a2-8a62cf6eb903|217|Jennifer|Mackay|2011-04-30|5971.74
67c779ad-09fc-4402-a31a-0b78e171c8c7|218|Julian|Howard|2015-11-12|5617.45
63f44ad3-2c8f-479c-b11a-0f9cf58006cd|219|Richard|Short|2018-03-18|5549.34
ace00f05-7e5a-4e75-ba18-5b65ab829016|220|Brian|King|2012-10-04|4160.56
e175e520-febe-463d-a59f-be691ea0808a|221|Andrew|Powell|2011-10-23|8899.17
552ac830-397a-4316-8166-584706995326|222|Kimberly|Powell|2012-12-23|2760.94
5ee5e305-45b2-43dd-abbf-d473f6c92ded|223|Rebecca|Bell|2015-08-17|1749.51
24b5457f-85c5-450c-b9b9-3be4fdf2029b|224|Paul|Mills|2015-10-11|6961.7
b1c6e9cd-1af6-4839-bfb3-35b100566d70|225|Ian|Arnold|2016-08-02|3295.42
b8b13a92-8e8d-4a00-94fd-683bf96aa382|226|Carolyn|Newman|2018-08-06|9665.62
3dde7c3d-2766-4ff1-9492-d62ddea6e307|227|Anne|Young|2012-02-07|591.49
2945336b-d261-4492-89bb-fefb3a9c05e4|228|Julian|Dyer|2012-02-03|2254.52
e7ea204c-e47a-4f81-a3f4-fcdbcfb22d9d|229|Ava|Vaughan|2011-09-28|8631.91
db5aae43-f5e3-4e09-b520-47b7a8c89f0d|230|Samantha|Gray|2018-06-06|9798.31
4f7b46ee-ae9f-4939-aa95-4f180a4fdba2|231|Wanda|Carr|2016-04-28|9182.02
025479ed-75fe-4f69-a7c1-4061694eae3f|232|Sophie|Ball|2014-06-08|7148.1
dceecc8c-9bf2-4760-b2fb-b16b90f2832f|233|Sean|Glover|2013-10-02|5686.7
b5dae5a7-27b9-49fa-b26a-19eb2c4f929d|234|Lauren|Harris|2011-02-26|1938.16
b7554cba-b1ec-4129-883f-de709b957dae|235|Una|Smith|2017-07-17|8144.65
ed7f32df-7c50-403d-ac18-cf3ca0d3461f|236|Peter|Springer|2009-04-08|4444.46
f0abbb2b-888d-41a2-9b7b-067be6f6f67f|237|Carl|Nash|2014-01-18|6614.09
ab14198f-7905-4f47-baa7-da4ee4741dfb|238|Karen|Oliver|2017-08-31|4528.98
baade07f-5394-43a8-9823-064de012e0cb|239|Rebecca|Robertson|2015-01-12|1373.46
ff9118f1-53fd-4585-8381-8ecd2a85fe7b|240|Diana|Campbell|2013-10-19|8938.46
2b57707e-21f5-46c9-b32f-498fa677e217|241|Blake|Parr|2017-02-05|887.26
99592658-507c-4f9f-9286-e13b38fc6d3b|242|Warren|Skinner|2015-02-08|3014.1
264c1a11-9073-4b01-aa65-34da0634c2bd|243|John|Lewis|2012-08-06|4856.45
d674e258-ef36-4ad0-abbc-0db532672741|244|Madeleine|Underwood|2018-08-19|215.33
0a04c69d-9b4f-4123-b62a-939624ee57ad|245|Natalie|Chapman|2012-11-20|5251.41
27eb1552-1587-43ef-9362-090a2b8becfb|246|Adrian|Mackay|2017-03-01|9746.42
ef3d8aa4-d83e-4ac9-b460-f2f3083bf547|247|Jasmine|James|2015-09-14|27.09
1dd7303f-ee51-4a10-ac5f-5223dd139f4f|248|Christopher|Tucker|2016-09-09|9232.96
328bb23f-808e-48cf-832d-1937f9a04066|249|Ryan|Scott|2010-09-24|274.3
8e689239-e4e0-4942-9e90-45f69f917edd|250|Dan|Blake|2013-11-04|9925.92
2ec5230b-9742-42cb-8a35-e1810e69392f|251|Tracey|Arnold|2012-04-14|8998.1
49e7a693-873b-4f1c-b3c3-342f9cf4d5c3|252|Donna|Simpson|2015-01-03|9336.08
c0a62a5d-4ff9-4173-a153-c5c4bc9a7f33|253|Gordon|Roberts|2009-12-03|6482.4
8e22f0f7-d968-4a07-bb75-f954f9723c5a|254|Steven|Sanderson|2016-05-16|6178.45
fd30e38a-91e8-4958-9588-4c4b4fd65268|255|Owen|Gill|2015-01-12|3623.91
027f881a-1f13-4861-abb4-d440d4b98b7e|256|Brandon|Berry|2014-04-07|6358.66
a9d40256-973f-46d0-a98c-97654ec43616|257|Katherine|Anderson|2012-11-14|1750.79
f1a69f00-1519-4bf6-98c7-0a3f9f776aa7|258|Anne|Welch|2010-07-09|3988.86
a637e088-e2de-4f97-befd-f5bdfffd70fb|259|James|Duncan|2011-11-26|3593.28
f117b679-c686-4eac-9ed8-3bdb63cd5e1f|260|Michael|Langdon|2017-12-18|3707.78
f85f9222-1f18-4998-8565-6b3664d74834|261|Joan|Ellison|2013-07-13|7110.54
5d86f62a-9535-444d-8867-e543ddd95bec|262|Jennifer|Greene|2013-04-18|8269.51
9ccdf3d8-6de2-41da-b0f6-00337c444391|263|Heather|Welch|2009-10-04|3905.82
ed0e44b5-956c-4dde-87e2-8e300e9cd6d1|264|Virginia|Lee|2014-06-01|6635.03
0e492cbb-e45b-40cb-9cc8-c9062f0beb62|265|Caroline|Sharp|2016-07-08|2687.11
bc3de3fa-7996-4d0e-9113-ec55f4faff1c|266|Peter|Turner|2009-04-14|911.57
d757bf6f-731a-4ade-9841-e598d5206a09|267|Connor|Smith|2014-06-16|2262.16
5efbec9b-30d4-4153-8e17-e9dfd92e0313|268|Boris|Martin|2018-12-17|543.74
da3623e6-4ff9-4242-8064-7bcf97bf3a0f|269|Joanne|Duncan|2016-06-15|22.29
f7380431-aee2-40c4-a1b1-e4dc89f153cf|270|Carol|Alsop|2013-10-01|4830.94
dc308ebb-5885-4fc7-9ab4-a3897e833a40|271|Nicola|Sutherland|2015-04-09|6479.99
18b47973-8d59-4b65-8a3e-d12356a0f967|272|Michael|Newman|2013-02-02|985.97
61f26f34-14b0-4c30-b1ee-89a87a968a12|273|Kevin|Kelly|2012-08-24|9532.31
6f23c176-0ec3-4abe-bee9-c57fff3306fe|274|Grace|Hughes|2014-02-18|1398.03
4cf858b7-a6d4-409a-a207-835af76a516d|275|Lily|Hardacre|2017-04-27|6446.97
4a28fbde-0c78-458a-bf99-957335b23764|276|Rachel|Davidson|2013-12-31|2921.95
7462df0a-734d-49de-b573-d2eb32997ab9|277|Joan|Smith|2014-01-27|9071.27
3c30603d-3cb9-4692-95d4-83f0ea8e8597|278|Connor|Payne|2010-05-16|206.02
34ae4daf-28f3-4672-8b78-78791fbc095c|279|Wanda|Randall|2012-05-28|6874.96
491f8682-2489-4f64-bf59-9ec0086a84d4|280|Thomas|Clark|2014-06-08|5388.7
7480c0af-51db-4c42-9bcf-9d86cd61279f|281|Wendy|Glover|2011-10-31|5777.72
96e57904-6427-4af6-bbfa-ed3a59168e5c|282|Julian|Hart|2009-11-25|675.83
42370581-b419-4f9f-8c83-c658e76b0658|283|Maria|Bower|2016-04-07|4389.75
7093fc22-e03b-4c3b-8ba2-e2b71234335f|284|Amanda|Johnston|2018-08-20|2947.24
d7b7ef29-b9af-4e36-b483-1263c66bebee|285|Michael|Ferguson|2009-11-04|5351.42
0b9e9302-b54d-4d31-bed5-8aaef9737f82|286|Andrew|Hudson|2016-03-30|5829.32
51e3d875-1989-4400-a50b-cb4abff93e27|287|Wanda|Chapman|2009-07-18|6021.27
472e72af-1186-4415-b77c-f339e3a1aeb7|288|Ian|Harris|2015-02-25|1969.07
6b64aac9-0cee-4686-a438-5ae035b0bf5e|289|Jasmine|Mackay|2015-09-06|3205.61
04ad81ae-dc4a-44fe-bbff-6d4bf0fc951f|290|Sarah|Reid|2014-11-01|7652.71
bbe37a21-f363-4980-97a0-94813badce8f|291|Pippa|Dickens|2015-03-21|6758.16
026258c8-57d9-4ad6-a03d-8ce1be8786a1|292|Deirdre|Nolan|2009-07-01|6935.05
7ba33cae-f6ca-49a9-874a-adb5584fca86|293|Virginia|Vance|2013-09-07|9824.13
d2cd1b2a-b659-443b-83b3-d558fec24f7e|294|Olivia|Springer|2018-07-21|9173.32
f3e28bae-36e1-4d46-adb5-7a85cfcf4885|295|Joshua|Wilkins|2015-05-12|6780.87
0005b4dc-b9f4-4ff5-ad1b-b20c3d9a171d|296|Emma|McLean|2018-03-16|8045.58
60c23443-72c8-4df6-a8bd-ed000418781d|297|Karen|Kerr|2015-04-12|3499.94
69b8b119-2ed4-44a6-9eb7-6ac612fe6833|298|Diane|Chapman|2012-01-10|4548.94
b7a87c53-ba81-4af6-b52e-81781cddd0f2|299|Andrew|Reid|2013-02-10|4137.26
217df94e-67b1-43b4-981f-1f5a7f2f38b0|300|Tim|Chapman|2009-04-14|4464.6
05f8113a-84a4-4c53-899c-be92099119e2|301|Dylan|Ince|2013-08-01|8761.84
e81a61d7-a2b9-4a97-81f1-7500870ff680|302|Thomas|Lawrence|2010-10-27|6205.54
eff71839-6203-44cf-a5c5-6ad5728695e2|303|Steven|Short|2017-01-13|4874.55
8420d1f9-7761-49a9-b12f-81788c7e92a7|304|Stephen|McDonald|2012-09-18|6321.23
fc3a959b-e71b-4593-b4d8-eab3695c1dae|305|Sean|Randall|2013-04-01|5286.57
46119f70-ec6c-44ac-9895-0f401d536bda|306|Luke|Newman|2010-04-02|6435.23
f29f8fad-636f-4f66-a063-2a42ceb925ff|307|Gordon|Morgan|2014-11-17|7378.33
01959bac-fc1c-4834-ae4e-2fc0709df070|308|Joseph|Glover|2016-10-14|5100.26
d44e5508-61d3-4fac-9b9c-774eccb5cc9f|309|Rachel|Black|2016-05-22|9253.32
6a7a377b-9fc0-4e9d-8ad1-98cbca58228f|310|Joanne|McDonald|2009-03-03|6810.73
561d563a-9fe0-4fb9-aff4-134c42e84eba|311|Gabrielle|Randall|2009-01-30|5296.47
e0374b7e-894b-4241-91b9-34b6cbc06035|312|Rose|Howard|2014-03-31|235.59
7e673229-083c-4be0-8afd-7570c4d2694d|313|Olivia|Campbell|2014-08-14|4570.93
5d5dab1c-4aa0-4c0f-b105-f1cc2ae805d7|314|Andrew|Parr|2017-07-31|8846
61a3a19d-1d7f-4906-983c-aced493af8e0|315|Wanda|Lawrence|2009-02-04|9580.71
9424942b-61f7-40c5-a5de-f0e5f68b15c7|316|Sebastian|Carr|2017-02-27|7768.93
6c3928f8-7822-419b-97c2-881fd153efda|317|Matt|Graham|2011-05-06|8333.31
cb33fa9e-2bdb-40e4-8558-8f87e4b759f3|318|Mary|Henderson|2009-10-29|4624.23
4a9a3d65-9921-4cde-a930-1cde238e9300|319|Liam|Hardacre|2016-01-26|4210.86
34c48231-a9a7-49dd-9282-6c03dc8811e6|320|Natalie|Gibson|2011-11-03|6882.26
53e3ac71-d92d-4d6b-b7fb-9d0f169b0ad5|321|Molly|Bell|2013-03-21|668.38
f8d316b2-1341-4a5b-aca0-eb0244bb4aa6|322|Robert|Edmunds|2011-04-20|8449.69
