PersonID|FirstName|LastName|Email|Age|PostCode
1|Ella|Bond|rgiersig@gmail.com|64|DA1 4AW
2|Sonia|Rees|jdray@mac.com|51|IP20 9PQ
3|Colin|Mathis|eegsa@msn.com|56|TN14 7ED
4|Christopher|McDonald|reziac@sbcglobal.net|81|NE38 7JB
5|Hannah|Short|doche@mac.com|41|NG5 1HQ
6|Charles|McLean|aegreene@aol.com|63|NP19 0DL
7|Melanie|Churchill|jeffcovey@sbcglobal.net|75|NN2 8HA
8|Zoe|Morrison|bradl@yahoo.ca|40|SS7 1RA
9|Frank|Hill|slaff@live.com|59|BS30 6HA
10|Sally|Pullman|timlinux@att.net|38|DE11 9NS
11|Anthony|Randall|erynf@comcast.net|27|ME16 0PG
12|Molly|Avery|sarahs@me.com|29|B46 2RT
13|Penelope|Arnold|doche@sbcglobal.net|80|LE67 5EW
14|Oliver|Brown|alhajj@att.net|95|B16 0DJ
15|Christian|Carr|larry@optonline.net|92|EH12 6DR
16|Neil|Young|keijser@hotmail.com|74|EX33 2DH
17|Felicity|Lyman|carmena@hotmail.com|100|HU2 9LW
18|Austin|Quinn|gumpish@msn.com|71|SN12 8RF
19|Alan|Quinn|ahuillet@hotmail.com|53|OL16 1TQ
20|Elizabeth|Poole|nicktrig@msn.com|70|ST16 2PL
21|Peter|Buckland|citadel@me.com|77|CH62 7EQ
22|Irene|Newman|boser@yahoo.com|92|LS12 2UT
23|Ava|Berry|srour@me.com|55|KY12 7DP
24|Una|Piper|jgwang@optonline.net|54|L40 4BZ
25|Joanne|Morgan|kuparine@mac.com|42|LE16 7QP
26|Abigail|Lyman|paley@yahoo.ca|95|TS7 0BG
27|Dylan|Morgan|pereinar@msn.com|47|DD3 7RL
28|Michelle|Ferguson|yfreund@gmail.com|68|S60 5ST
29|Benjamin|Arnold|cliffordj@verizon.net|81|YO42 1TU
30|Leah|Terry|nasarius@yahoo.ca|38|PO33 2PS
31|Edward|Sharp|fangorn@icloud.com|31|DY5 2LF
32|Deirdre|Berry|tmaek@att.net|57|SN7 7HT
33|Paul|Taylor|kjetilk@verizon.net|86|YO25 9AT
34|Dan|Mitchell|scarolan@mac.com|69|IP31 2BF
35|Bernadette|Jones|kobayasi@yahoo.com|61|S21 1FG
36|Nicola|Langdon|calin@aol.com|79|WA16 6PZ
37|Steven|McLean|clkao@icloud.com|49|SW3 2PR
38|Madeleine|Dyer|gravyface@live.com|27|SW1W 8LW
39|Harry|Young|spadkins@verizon.net|67|BT40 2UP
40|Bernadette|Hunter|paulv@hotmail.com|66|TA4 1BT
41|Faith|Berry|dwsauder@gmail.com|70|S2 2QZ
42|Eric|Ball|fraterk@msn.com|63|RH10 7XQ
43|Liam|Peake|mhanoh@optonline.net|100|SE20 7JF
44|Wendy|Avery|warrior@outlook.com|77|IG4 5LT
45|Frank|Skinner|sharon@sbcglobal.net|28|AB23 8LR
46|Joshua|Clark|monopole@aol.com|81|LE14 4PR
47|Joan|Ince|oster@verizon.net|86|BA21 3UP
48|Nicholas|MacLeod|mglee@verizon.net|47|E3 5AH
49|Connor|Allan|gospodin@sbcglobal.net|38|SE6 1HA
50|Alexander|Rees|greear@yahoo.ca|87|CV2 4GE
51|Owen|Tucker|richard@sbcglobal.net|40|DL13 4PB
52|Chloe|Stewart|demmel@icloud.com|97|EC1P 1TS
53|Angela|Robertson|gilmoure@icloud.com|47|WD4 9DZ
54|Felicity|Skinner|madanm@msn.com|35|G84 9DR
55|Kevin|Martin|microfab@yahoo.com|81|W1U 6NF
56|Ruth|Grant|library@sbcglobal.net|27|TA21 9EF
57|Neil|Butler|gator@yahoo.ca|31|G33 9BR
58|Andrea|Young|empathy@sbcglobal.net|65|G84 0QG
59|Dylan|Walsh|chunzi@msn.com|60|NN3 3RL
60|Una|Nolan|bryanw@mac.com|42|G67 2NU
61|Sean|Paige|natepuri@yahoo.com|96|GU21 6BG
62|Natalie|May|cliffordj@sbcglobal.net|70|OL12 7RW
63|Andrew|Butler|kimvette@verizon.net|94|SG5 3BH
64|Ryan|Buckland|errxn@icloud.com|44|HD9 5LP
65|Peter|Thomson|barjam@outlook.com|42|LS13 4JW
66|Irene|Vaughan|johndo@att.net|78|OX10 9PD
67|Bella|Piper|pkplex@hotmail.com|61|IP25 6UB
68|Paul|Gill|hmbrand@hotmail.com|88|NR15 1QF
69|Sonia|Metcalfe|tbusch@gmail.com|96|PE15 0YG
70|Eric|Dyer|bancboy@yahoo.com|52|CB4 2JF
71|Carl|McDonald|starstuff@msn.com|67|EH48 3SB
72|Boris|Harris|crusader@icloud.com|48|BA1 5BX
73|Molly|James|bmidd@aol.com|60|NW6 6RG
74|Sebastian|Burgess|jfinke@att.net|97|RG24 8NR
75|Samantha|MacLeod|jadavis@live.com|37|PL6 7QW
76|Blake|Mackay|nasarius@live.com|90|EN3 5PR
77|Thomas|Lewis|aracne@comcast.net|38|HU3 3JH
78|Jason|Howard|rupak@mac.com|51|BS13 7AJ
79|Stephanie|Watson|citadel@verizon.net|74|RG31 6JS
80|Richard|Gray|thrymm@aol.com|19|M34 7HN
81|Alexandra|Ball|bcevc@verizon.net|58|TR26 3ER
82|Mary|Slater|mxiao@mac.com|69|B43 7PR
83|Elizabeth|Randall|satch@icloud.com|45|S42 6SJ
84|Alison|Rampling|munson@optonline.net|49|L31 1GA
85|Gabrielle|Henderson|hampton@sbcglobal.net|28|NR19 1QE
86|Carol|Hudson|gfxguy@gmail.com|27|SY21 7PW
87|Mary|Peake|sabren@hotmail.com|23|IP27 9SB
88|Samantha|Ross|alastair@yahoo.ca|72|B74 3LS
89|Jessica|Vaughan|errxn@live.com|98|M18 7EF
90|Ryan|Parsons|samavati@aol.com|95|ME13 7HF
91|Fiona|Terry|penna@yahoo.com|68|LL11 6NY
92|Isaac|Lyman|rhavyn@mac.com|27|BT54 6RD
93|Heather|Short|linuxhack@verizon.net|59|PL13 2AU
94|Carol|Sutherland|seanq@verizon.net|54|NN8 3TN
95|Angela|Young|richard@msn.com|53|MK45 1TJ
96|Diana|Coleman|tfinniga@icloud.com|90|WS3 3RL
97|Colin|Brown|pappp@gmail.com|62|CO16 9LP
98|Penelope|Reid|boomzilla@outlook.com|95|ML3 8JP
99|Oliver|Walsh|samavati@aol.com|70|OX26 3HX
100|James|Grant|bachmann@me.com|55|WA15 9QX
101|Joshua|Mitchell|heine@live.com|70|NE47 9NE
102|Neil|Glover|tmccarth@hotmail.com|99|SN14 0RL
103|Maria|Springer|ranasta@yahoo.ca|23|DT11 0TX
104|Joe|MacLeod|jaarnial@gmail.com|87|BT49 0TG
105|Harry|Bailey|mcnihil@verizon.net|25|MK41 0AR
106|Julian|Ellison|rmcfarla@comcast.net|43|W13 0SU
107|Bernadette|Cornish|bjornk@mac.com|58|SE18 1LR
108|Wanda|Bond|bulletin@verizon.net|47|W1D 6JQ
109|Gabrielle|Glover|jcholewa@verizon.net|32|SP9 7TQ
110|Carolyn|Graham|carreras@optonline.net|23|TR11 3BX
111|Dorothy|Chapman|notaprguy@optonline.net|37|SN15 5JR
112|Victor|Lee|nacho@aol.com|49|RG1 3EH
113|Wendy|Tucker|zeitlin@live.com|46|EH12 5EP
114|Edward|Duncan|stomv@msn.com|95|DE12 8ES
115|Michelle|James|comdig@outlook.com|45|DA1 2NA
116|Jake|Cornish|scarolan@yahoo.com|94|NN6 0QU
117|Carolyn|Welch|debest@verizon.net|81|NN5 6XY
118|Phil|Hill|eimear@sbcglobal.net|62|TQ4 5JU
119|Victor|Anderson|dhrakar@yahoo.ca|43|CO9 1JY
120|Rebecca|Taylor|eurohack@aol.com|70|ST3 2SX
121|Ian|Ball|yruan@me.com|95|MK8 0NS
122|Leah|Howard|mwilson@optonline.net|85|ST6 8QX
123|Blake|Marshall|mhassel@gmail.com|27|S9 3FQ
124|Robert|Roberts|wiseb@icloud.com|58|BT34 5BJ
125|Jack|North|drjlaw@verizon.net|28|ST12 9AQ
126|Piers|Dickens|haddawy@outlook.com|71|SO15 8WL
127|Colin|Lewis|froodian@msn.com|72|ML3 8JX
128|Abigail|Davies|liedra@aol.com|19|HX3 8UF
129|Tim|McLean|moinefou@hotmail.com|41|KY5 0XP
130|Sebastian|Hill|heroine@verizon.net|30|SA72 6NR
131|Jonathan|Anderson|nogin@verizon.net|71|LE4 4AQ
132|Sally|Langdon|bsikdar@icloud.com|82|BT7 1QU
133|Anna|Simpson|malvar@yahoo.ca|74|M25 1QZ
134|Diane|Hardacre|dowdy@verizon.net|90|CO15 2PA
135|Kimberly|Stewart|mrdvt@att.net|80|EN1 2NS
136|Fiona|Alsop|sassen@yahoo.ca|24|G74 4QE
137|Eric|Peters|gemmell@yahoo.com|56|TS9 6JX
138|Blake|Hill|campbell@optonline.net|60|CB10 1DY
139|Neil|King|yfreund@verizon.net|28|CT2 0LT
140|Jake|Powell|eimear@aol.com|70|KY2 5AE
141|Jacob|Watson|boein@mac.com|77|B13 9AW
142|Jack|Lambert|linuxhack@sbcglobal.net|48|WD7 8DB
143|Tim|Harris|geeber@yahoo.com|35|LA4 4PW
144|Lisa|Metcalfe|aglassis@verizon.net|26|YO26 6PA
145|Austin|King|monkeydo@att.net|38|S10 3DQ
146|Claire|Miller|petersko@optonline.net|36|YO10 3NJ
147|Rose|Vance|pgottsch@me.com|87|CO2 7BA
148|Liam|Knox|nanop@gmail.com|100|WV4 6DP
149|David|Tucker|research@comcast.net|58|TS3 8QN
150|Colin|Carr|frode@yahoo.com|56|GL56 0EQ
151|Joanne|Hill|jgmyers@live.com|84|BS30 8EN
152|Anne|Gibson|heroine@yahoo.com|72|WD25 7QZ
153|Claire|White|jramio@outlook.com|44|SM6 9ER
154|Kylie|Pullman|bester@msn.com|39|PR7 1RQ
155|Lucas|Parsons|jbryan@yahoo.com|53|B45 8XA
156|Karen|Hughes|dwendlan@live.com|37|IP24 3QS
157|Kimberly|Mackay|fwitness@yahoo.ca|54|E9 6FX
158|Samantha|Carr|jhardin@sbcglobal.net|81|SA2 9ES
159|Penelope|Fraser|makarow@att.net|36|S80 2DN
160|Elizabeth|Butler|empathy@comcast.net|35|NE30 4EB
161|Keith|Chapman|bancboy@outlook.com|47|CF24 1AG
162|Jack|May|bsikdar@sbcglobal.net|90|CO5 9FN
163|Gavin|Lyman|jeteve@hotmail.com|90|EC2A 4BX
164|Christian|Payne|lpalmer@me.com|49|TD9 9DT
165|Stewart|Berry|guialbu@msn.com|86|LN6 9HX
166|Amelia|Arnold|marcs@outlook.com|69|TN38 0HB
167|Diana|Paterson|miturria@live.com|29|CA12 5HB
168|Brian|Graham|bader@sbcglobal.net|94|B69 1ER
169|Ian|Berry|graham@me.com|75|SK12 1PW
170|Leah|Gibson|frikazoyd@outlook.com|73|CF31 9YA
171|Sebastian|Ferguson|sinclair@yahoo.com|58|HP27 9XU
172|Adam|Jones|aibrahim@sbcglobal.net|68|KA7 4NN
173|Boris|Skinner|mschilli@aol.com|40|OX4 6LJ
174|Warren|Mitchell|jonathan@msn.com|32|SE1 2WQ
175|Blake|Brown|killmenow@optonline.net|85|LL18 4PB
176|Ruth|McGrath|mmccool@gmail.com|43|ST9 0BG
177|Ryan|Manning|ghost@mac.com|24|NR32 1UD
178|Paul|Clark|temmink@yahoo.com|77|DY9 8YA
179|Emily|Hudson|hstiles@msn.com|55|HX4 8LW
180|Ava|Alsop|cantu@comcast.net|40|EC4N 8BH
181|Kylie|MacLeod|boftx@att.net|63|TS10 5LR
182|Fiona|King|feamster@att.net|73|SK13 1QR
183|Jake|Gray|howler@optonline.net|67|AB44 1QE
184|Stephen|Vaughan|plover@yahoo.ca|23|DA5 1RQ
185|Irene|MacDonald|rsteiner@hotmail.com|45|AB36 8XJ
186|Anna|Young|okroeger@gmail.com|82|TA1 5BX
187|Lucas|James|naoya@msn.com|82|SK2 5LQ
188|Benjamin|Ross|singh@verizon.net|61|PE31 7QY
189|Rebecca|Randall|ingolfke@att.net|46|PE1 4SG
190|Boris|James|eegsa@yahoo.ca|29|MK43 0QH
191|Sean|Vance|jrifkin@verizon.net|34|SE18 3TR
192|Carol|Walker|bowmanbs@yahoo.ca|68|DE72 3DB
193|Lauren|Paterson|fbriere@msn.com|50|B23 6DH
194|Pippa|McGrath|mstrout@outlook.com|24|SA5 4BJ
195|Yvonne|Knox|mthurn@outlook.com|41|BL3 4EP
196|Dan|Lambert|hahiss@yahoo.com|19|AB55 6QX
197|Thomas|Ogden|overbom@live.com|33|NE1 4WH
198|Victor|Burgess|kramulous@optonline.net|54|ST7 2SA
199|Warren|Underwood|penna@me.com|45|M40 7NH
200|Virginia|Greene|denism@optonline.net|54|WA1 4EG
201|Austin|Wilson|drewf@att.net|60|B69 1TH
202|Dominic|Davidson|north@comcast.net|25|SY8 1QF
203|Fiona|Paterson|erynf@sbcglobal.net|44|HU18 1HF
204|Dan|North|kosact@msn.com|43|BT8 7SW
205|Harry|Glover|mhoffman@gmail.com|80|SE3 7DA
206|Olivia|Jones|malattia@icloud.com|41|GU34 1QB
207|Yvonne|Ball|loscar@live.com|72|SA15 3AZ
208|Mary|Kerr|djupedal@me.com|55|S43 3UF
209|Nathan|Wright|lamprecht@gmail.com|98|FY4 1LP
210|Christopher|Coleman|afifi@outlook.com|61|EH4 6NU
211|Wendy|Stewart|darin@gmail.com|66|AB44 1LT
212|Liam|Hemmings|goresky@msn.com|93|CO12 5NL
213|Alexander|Chapman|johndo@optonline.net|74|CA15 6RH
214|William|Young|ylchang@hotmail.com|48|M3 3JE
215|Adrian|Lambert|hachi@aol.com|31|IP9 2JL
216|Deirdre|Scott|dieman@gmail.com|50|WV6 0PU
217|Jennifer|Mackay|yxing@att.net|97|SY3 7HR
218|Julian|Howard|hillct@att.net|80|EH4 7RB
219|Richard|Short|seasweb@icloud.com|80|LL13 7GW
220|Brian|King|jaarnial@att.net|41|SK8 5RE
221|Andrew|Powell|aaribaud@outlook.com|99|PA20 0JS
222|Kimberly|Powell|mcrawfor@me.com|60|GU21 3BE
223|Rebecca|Bell|mcnihil@comcast.net|29|L40 8HB
224|Paul|Mills|rasca@aol.com|73|SL95 1NX
225|Ian|Arnold|smpeters@att.net|84|IP24 2EZ
226|Carolyn|Newman|dhwon@msn.com|89|PH15 2AN
227|Anne|Young|dwheeler@sbcglobal.net|92|BB1 2HA
228|Julian|Dyer|spadkins@live.com|47|TW4 7JJ
229|Ava|Vaughan|report@icloud.com|96|RG9 4JG
230|Samantha|Gray|kludge@me.com|93|LN5 8EQ
231|Wanda|Carr|payned@me.com|89|SY8 1DQ
232|Sophie|Ball|jaesenj@sbcglobal.net|51|WV6 0RN
233|Sean|Glover|durist@yahoo.ca|42|B74 3HU
234|Lauren|Harris|tellis@live.com|44|CH65 7ES
235|Una|Smith|adhere@aol.com|26|M29 7JU
236|Peter|Springer|ehood@gmail.com|20|PH33 9AE
237|Carl|Nash|gemmell@aol.com|67|IP16 4HX
238|Karen|Oliver|szymansk@msn.com|68|LL32 8HZ
239|Rebecca|Robertson|hikoza@optonline.net|61|PO13 9DG
240|Diana|Campbell|cameron@icloud.com|72|B45 0JQ
241|Blake|Parr|naupa@comcast.net|89|GU32 2AQ
242|Warren|Skinner|carcus@comcast.net|60|HU8 0HS
243|John|Lewis|hachi@mac.com|18|CM15 8NL
244|Madeleine|Underwood|rhialto@me.com|34|GU22 7RZ
245|Natalie|Chapman|flakeg@me.com|95|PE38 9BG
246|Adrian|Mackay|errxn@aol.com|45|DL12 0HH
247|Jasmine|James|shazow@gmail.com|68|M26 4LR
248|Christopher|Tucker|jbearp@sbcglobal.net|38|EX32 9DF
249|Ryan|Scott|gfxguy@verizon.net|53|HX3 9QP
250|Dan|Blake|bhima@verizon.net|79|LE2 2FS
251|Tracey|Arnold|gmcgath@optonline.net|55|DL8 2TQ
252|Donna|Simpson|grossman@comcast.net|51|WF15 8ES
253|Gordon|Roberts|agolomsh@gmail.com|96|SW3 6QB
254|Steven|Sanderson|osrin@att.net|51|BD13 4BJ
255|Owen|Gill|donev@yahoo.com|29|BA1 2XT
256|Brandon|Berry|kmself@verizon.net|59|HG1 1EG
257|Katherine|Anderson|seanq@aol.com|43|B49 6NE
258|Anne|Welch|chlim@yahoo.com|59|IM4 7DZ
259|James|Duncan|kuparine@live.com|45|WA7 5QN
260|Michael|Langdon|brickbat@live.com|83|CH66 1RJ
261|Joan|Ellison|adhere@comcast.net|48|HP3 9AN
262|Jennifer|Greene|dexter@yahoo.com|61|W6 9JX
263|Heather|Welch|rddesign@yahoo.ca|49|DL1 9NE
264|Virginia|Lee|maikelnai@gmail.com|37|BB8 8PG
265|Caroline|Sharp|spadkins@icloud.com|32|M25 9PX
266|Peter|Turner|gomor@icloud.com|51|TS8 0BD
267|Connor|Smith|skoch@yahoo.ca|35|LL40 2NS
268|Boris|Martin|jorgb@me.com|85|ME4 4PT
269|Joanne|Duncan|ivoibs@yahoo.com|66|DG8 8AJ
270|Carol|Alsop|odlyzko@verizon.net|50|RG4 6LX
271|Nicola|Sutherland|fglock@att.net|53|SE25 5BT
272|Michael|Newman|mailarc@yahoo.ca|36|SA8 3HP
273|Kevin|Kelly|agapow@verizon.net|20|PE30 2DY
274|Grace|Hughes|mbrown@outlook.com|56|EN9 3EB
275|Lily|Hardacre|isaacson@sbcglobal.net|43|CW2 5JU
276|Rachel|Davidson|imightb@yahoo.ca|94|B24 9HQ
277|Joan|Smith|trieuvan@sbcglobal.net|71|ST4 3BG
278|Connor|Payne|microfab@optonline.net|96|CV37 8HZ
279|Wanda|Randall|juliano@gmail.com|96|EH10 6PA
280|Thomas|Clark|roesch@yahoo.com|40|HA3 5FD
281|Wendy|Glover|grolschie@yahoo.ca|48|IP21 5DZ
282|Julian|Hart|research@att.net|21|BT93 4FS
283|Maria|Bower|andale@me.com|46|TS17 0YA
284|Amanda|Johnston|syncnine@optonline.net|33|LN1 3UH
285|Michael|Ferguson|psichel@verizon.net|75|BS32 4EF
286|Andrew|Hudson|crobles@sbcglobal.net|22|B64 6AX
287|Wanda|Chapman|kimvette@hotmail.com|91|PL14 4NG
288|Ian|Harris|lydia@comcast.net|98|WA14 5SE
289|Jasmine|Mackay|samavati@sbcglobal.net|40|EH11 4SB
290|Sarah|Reid|rande@yahoo.com|79|SY15 6TZ
291|Pippa|Dickens|munge@outlook.com|68|GL3 3NH
292|Deirdre|Nolan|zeller@comcast.net|50|TN31 7NE
293|Virginia|Vance|isotopian@sbcglobal.net|53|PO19 6EG
294|Olivia|Springer|openldap@yahoo.com|70|SL6 9AF
295|Joshua|Wilkins|mccurley@me.com|87|HA2 7DB
296|Emma|McLean|kewley@me.com|62|CH44 0EH
297|Karen|Kerr|stecoop@aol.com|100|WF8 2QJ
298|Diane|Chapman|seemant@gmail.com|97|SA71 5QJ
299|Andrew|Reid|brainless@icloud.com|85|LA5 9PU
300|Tim|Chapman|janusfury@verizon.net|29|DH7 6NN
301|Dylan|Ince|paley@yahoo.ca|61|RG22 6PD
302|Thomas|Lawrence|tfinniga@icloud.com|38|HA3 3DL
303|Steven|Short|jandrese@mac.com|79|SY8 1SH
304|Stephen|McDonald|rgarcia@verizon.net|63|S26 7YA
305|Sean|Randall|giafly@yahoo.ca|42|B77 1DD
306|Luke|Newman|dmiller@me.com|43|BN27 3DY
307|Gordon|Morgan|hermanab@hotmail.com|69|NP23 4TT
308|Joseph|Glover|lcheng@live.com|73|DN35 0NR
309|Rachel|Black|nimaclea@optonline.net|50|E14 6EH
310|Joanne|McDonald|yzheng@att.net|73|GL17 9SB
311|Gabrielle|Randall|lamky@msn.com|58|SL7 1XL
312|Rose|Howard|sumdumass@live.com|65|IP4 1NB
313|Olivia|Campbell|kmself@optonline.net|62|IP26 5EN
314|Andrew|Parr|eurohack@yahoo.ca|42|DD5 4RH
315|Wanda|Lawrence|mastinfo@aol.com|38|L7 8RH
316|Sebastian|Carr|juerd@live.com|43|TA5 1BE
317|Matt|Graham|willg@yahoo.ca|27|RH2 0AX
318|Mary|Henderson|jonadab@outlook.com|34|B66 1BS
319|Liam|Hardacre|wiseb@hotmail.com|44|B90 4RF
320|Natalie|Gibson|bcevc@gmail.com|58|IP3 0QA
321|Molly|Bell|saridder@gmail.com|89|SE2 9EQ
322|Robert|Edmunds|hermanab@comcast.net|85|NE24 2LA
323|Joanne|Harris|fallorn@verizon.net|18|B20 2NA
324|Joe|Parr|burniske@me.com|36|EX20 4HQ
325|Justin|Reid|afeldspar@live.com|72|HP14 4BQ
326|Andrea|Gibson|thaljef@verizon.net|49|UB7 0BJ
327|Felicity|White|policies@yahoo.ca|30|SO18 4HW
328|Faith|Gibson|jguyer@live.com|83|NN4 7ZG
329|Angela|Peake|bester@outlook.com|94|KT10 0NX
330|Samantha|Clark|grdschl@verizon.net|54|NR14 6PE
331|Yvonne|Nash|liedra@live.com|79|IP17 1XG
332|Julian|White|gastown@me.com|22|CH63 3HS
333|Vanessa|Young|russotto@yahoo.ca|57|CV31 2JP
334|Joshua|Clarkson|mastinfo@me.com|42|WV98 2DW
335|Virginia|Grant|sagal@yahoo.ca|42|SG6 4RF
336|Andrew|Dickens|bowmanbs@sbcglobal.net|65|OX26 6BS
337|Oliver|Ball|brickbat@verizon.net|97|DT2 8UG
338|Rachel|Hemmings|fhirsch@sbcglobal.net|29|SR8 5JB
339|William|Dowd|offthelip@aol.com|74|BT1 9RS
340|Yvonne|Chapman|ahuillet@yahoo.ca|46|GL5 2DU
341|Anthony|Knox|thrymm@mac.com|64|GL50 4RZ
342|Amy|Dowd|arnold@yahoo.ca|44|LS10 1JE
343|Ian|Cornish|seanq@hotmail.com|44|BH20 6HA
344|Colin|Ogden|sonnen@aol.com|65|TN38 9HG
345|Elizabeth|Vance|monkeydo@verizon.net|50|BT22 1RX
346|Claire|Clarkson|zeitlin@att.net|73|AB15 9AD
347|Fiona|Carr|jhardin@optonline.net|40|OX44 9DB
348|Leonard|Avery|andersbr@comcast.net|61|TS20 2LD
349|Jacob|Welch|lipeng@hotmail.com|25|DE11 8FH
350|Isaac|Lee|meder@yahoo.com|45|IP28 7BT
351|Samantha|Berry|willg@yahoo.ca|20|IP6 8QZ
352|Carol|Abraham|bigmauler@att.net|31|PO3 6JD
353|Lauren|Alsop|dbrobins@mac.com|53|NP44 5TU
354|Bella|Bond|ryanvm@me.com|82|BD2 4NU
355|Stephen|Mathis|timlinux@hotmail.com|93|SS14 3PS
356|Andrea|Piper|danny@att.net|78|CM8 1ES
357|Melanie|Greene|oevans@live.com|67|SE24 0AJ
358|Justin|Burgess|kiddailey@icloud.com|90|EX9 6PR
359|Edward|Hudson|jshearer@aol.com|46|SS8 8AL
360|Madeleine|Baker|ingolfke@comcast.net|81|DN4 0JW
361|William|Harris|iapetus@hotmail.com|69|TW13 7EG
362|Anne|Dowd|pgottsch@optonline.net|62|RG22 4UG
363|John|Sharp|hahsler@yahoo.ca|86|SW6 4UA
364|Adrian|Miller|staffelb@hotmail.com|39|BN21 9DJ
365|Kylie|Welch|seurat@outlook.com|57|BN17 6QQ
366|Lisa|Vance|heckerman@gmail.com|82|BT45 7XU
367|Justin|Campbell|seanq@att.net|61|LE8 6NR
368|Tim|Vaughan|jandrese@live.com|77|KT14 7NG
369|Emily|Nolan|tromey@me.com|28|CH61 7XE
370|Lucas|Marshall|thaljef@hotmail.com|51|PE9 3SH
371|Audrey|Berry|sacraver@yahoo.com|30|NE15 0JW
372|Joe|North|scarolan@sbcglobal.net|48|BA14 9TR
373|Ruth|Bell|boftx@outlook.com|71|G32 6QD
374|Jason|Morrison|paulv@hotmail.com|47|RG10 9BN
375|Sarah|Lee|marioph@yahoo.com|65|KA18 1SJ
376|Connor|Baker|jonadab@live.com|40|NG15 7SE
377|Elizabeth|Metcalfe|jpflip@live.com|96|DE7 6FP
378|Paul|Clarkson|bryam@mac.com|100|SW20 8EH
379|Faith|Piper|sherzodr@mac.com|79|PO17 5NS
380|Jennifer|Martin|nacho@icloud.com|72|M27 4EJ
381|Katherine|Hemmings|jonathan@mac.com|27|HA3 9AU
382|Elizabeth|Forsyth|isorashi@icloud.com|51|EH4 3BP
383|Irene|Quinn|sekiya@sbcglobal.net|98|DY9 9UR
384|Jan|MacDonald|sequin@hotmail.com|72|NN18 0BG
385|Nicola|Paterson|mbrown@hotmail.com|55|KY11 2RJ
386|Phil|Walker|gordonjcp@verizon.net|77|IP6 9SR
387|Christopher|Black|rande@gmail.com|20|KY7 6ST
388|Anne|Jones|naoya@optonline.net|21|SA3 5LQ
389|Evan|Coleman|gtaylor@mac.com|47|ME1 2LR
390|Oliver|Anderson|sbmrjbr@msn.com|53|NR21 7HW
391|Max|White|wagnerch@yahoo.ca|47|NE18 0PS
392|Andrea|Fraser|wortmanj@sbcglobal.net|31|OL1 2JL
393|Dorothy|Tucker|gordonjcp@live.com|67|DN35 0SL
394|Irene|Blake|crusader@mac.com|68|CO12 3JY
395|Ella|Scott|schwaang@comcast.net|47|WN8 6RF
396|Neil|Bailey|grdschl@icloud.com|22|BB18 6DE
397|Diana|Avery|laird@outlook.com|43|SL2 1DP
398|Christopher|Murray|sartak@sbcglobal.net|86|CH41 4LA
399|Carol|Scott|doormat@optonline.net|90|SE1P 5BG
400|Kylie|Piper|gfody@mac.com|70|RG27 7JN
401|Edward|Morrison|druschel@msn.com|68|PE8 4PL
402|Audrey|Nash|mdielmann@live.com|97|NP4 0NT
403|Audrey|Underwood|psichel@gmail.com|92|G67 3NJ
404|Anna|Gibson|joelw@yahoo.ca|73|GU12 4DR
405|Rachel|Mills|hillct@aol.com|88|CT16 2HU
406|Lillian|Fraser|privcan@comcast.net|60|WD6 1NA
407|Dominic|Wilkins|slaff@msn.com|28|L20 4PS
408|Keith|Burgess|jlbaumga@me.com|91|HU9 5EB
409|Elizabeth|Chapman|shazow@yahoo.com|26|CH63 3ER
410|Joshua|Springer|dbanarse@msn.com|81|SN12 8DZ
411|Pippa|Davidson|ganter@sbcglobal.net|97|KT16 0JZ
412|Christopher|Nolan|adamk@icloud.com|37|BT26 6PN
413|Connor|Edmunds|greear@comcast.net|92|PE19 1AP
414|Melanie|Clarkson|helger@msn.com|72|LS14 3DD
415|Mary|Rampling|scarlet@optonline.net|27|FY6 0JH
416|Matt|Butler|tubajon@gmail.com|28|NN16 9HQ
417|Emma|Hardacre|kiddailey@comcast.net|45|LU5 5PT
418|Adrian|Short|marnanel@verizon.net|98|PL12 6QS
419|Donna|Robertson|boomzilla@msn.com|71|WF8 1EF
420|Keith|Scott|thassine@hotmail.com|55|RG22 5UW
421|Jan|Martin|munge@gmail.com|31|PA5 8JG
422|Nicholas|Bower|fallorn@msn.com|56|PA19 1UB
423|Mary|MacDonald|jwarren@outlook.com|96|IP3 0RZ
424|Max|Graham|msroth@gmail.com|30|N19 4EU
425|Molly|Sutherland|philen@msn.com|48|DE22 2RE
426|Benjamin|Slater|enintend@icloud.com|95|DD2 4LF
427|Diana|Oliver|joehall@yahoo.ca|95|M44 5AS
428|Pippa|Bond|rasca@outlook.com|62|CH44 2EP
429|Virginia|Russell|skippy@msn.com|32|B64 5SA
430|Tim|Rutherford|parkes@hotmail.com|86|OL16 2AS
431|Victoria|Cornish|denism@hotmail.com|59|PE12 9YF
432|Dorothy|Mathis|euice@aol.com|31|DN33 3RN
433|Dominic|Abraham|irving@verizon.net|28|B46 1BL
434|Andrew|Young|weidai@gmail.com|69|SW17 9AN
435|Una|Abraham|drewf@hotmail.com|61|SE27 9EE
436|Joanne|Taylor|tbusch@yahoo.ca|93|BL4 7BE
437|Kylie|Brown|garland@hotmail.com|19|SK15 2QL
438|Robert|Sanderson|oevans@icloud.com|96|BT46 5EB
439|Nicola|Lee|jbearp@msn.com|87|B75 6LP
440|Stephanie|Paterson|kjohnson@gmail.com|58|NE29 6BW
441|Luke|Young|bigmauler@verizon.net|88|NG17 7DN
442|Edward|Bell|dpitts@optonline.net|22|S40 4NG
443|Grace|Lewis|frostman@hotmail.com|41|BL7 0DP
444|Ryan|Rutherford|fairbank@comcast.net|32|WS3 3RF
445|Max|Hill|ramollin@hotmail.com|92|PO18 9BG
446|Zoe|Anderson|rfisher@aol.com|57|RH13 5JU
447|Alan|Payne|parents@yahoo.com|54|BN2 4JG
448|Andrew|White|leviathan@yahoo.com|86|CT9 1AU
449|Sophie|Avery|chronos@icloud.com|33|CA28 7EX
450|Luke|Walker|boftx@gmail.com|80|EH30 9UP
451|Neil|Lyman|jespley@live.com|47|PL9 9RU
452|Michelle|Sutherland|madler@sbcglobal.net|93|L9 3BE
453|Kimberly|Payne|giafly@hotmail.com|74|CM14 5BT
454|Justin|Peake|notaprguy@live.com|63|EN9 1RS
455|Audrey|Ogden|trygstad@live.com|93|LE11 3NR
456|Jake|Kelly|telbij@msn.com|43|NE23 8HB
457|Trevor|Poole|dwendlan@outlook.com|29|TD14 5RZ
458|Kevin|Nolan|evans@yahoo.com|18|SE18 5PP
459|Caroline|Davies|afeldspar@me.com|47|BN21 2RH
460|Virginia|Mackay|bastian@aol.com|56|YO21 3LQ
461|Phil|Hudson|kludge@comcast.net|49|ST2 7JD
462|Isaac|Morgan|ahuillet@live.com|26|BS11 9US
463|Mary|Payne|redingtn@icloud.com|58|L8 0PA
464|Gavin|Cornish|redingtn@gmail.com|72|CB24 3BS
465|Jacob|Forsyth|yxing@me.com|36|LS19 7UU
466|Connor|Simpson|jnolan@verizon.net|99|AB51 8UY
467|Julia|Baker|bescoto@icloud.com|84|SK16 4AZ
468|Sue|Mathis|falcao@optonline.net|20|ST17 9LL
469|Rose|Cameron|malattia@optonline.net|20|CF44 0LH
470|Dominic|Miller|nasarius@yahoo.ca|47|L7 2QR
471|Alexander|Poole|chaki@msn.com|60|WD23 3ST
472|Jacob|Rees|crusader@live.com|77|BN3 2NQ
473|Adrian|Wright|kingjoshi@hotmail.com|48|NG34 7QZ
474|Jan|Springer|hmbrand@aol.com|44|LS2 9EP
475|Jane|Terry|gilmoure@yahoo.com|72|RG31 5NT
476|Katherine|Lawrence|jaesenj@att.net|94|IV1 1SF
477|Pippa|Howard|yenya@yahoo.ca|49|PO6 3AZ
478|Heather|Jackson|jespley@aol.com|37|FK1 4HS
479|Fiona|Taylor|fmtbebuck@msn.com|61|CF3 0ER
480|Joe|Hunter|rddesign@hotmail.com|21|SO40 2RP
481|Faith|Terry|rfoley@verizon.net|55|CR4 3HN
482|Alan|Underwood|cgarcia@yahoo.ca|88|CF43 3LY
483|Anthony|Slater|empathy@optonline.net|35|CV8 1JD
484|Rebecca|Clark|killmenow@outlook.com|70|PE29 7DT
485|Karen|Abraham|neuffer@me.com|98|TD9 8HP
486|Melanie|Newman|bescoto@comcast.net|40|S81 7DT
487|Jessica|Bond|mjewell@gmail.com|24|DE12 7LZ
488|Audrey|James|skippy@mac.com|91|B31 3TR
489|Oliver|Pullman|pspoole@icloud.com|60|NE9 6UP
490|Brian|Young|bmidd@comcast.net|18|HA3 7QB
491|Ian|McDonald|lbaxter@msn.com|62|CF11 1ZP
492|Sophie|Vance|solomon@yahoo.ca|55|LL71 7BB
493|Simon|Howard|jfmulder@sbcglobal.net|47|AB11 8AA
494|Isaac|Edmunds|bmcmahon@me.com|87|CM3 3AW
495|Adrian|Kerr|matty@aol.com|57|B29 7LL
496|Lillian|Kerr|rasca@icloud.com|76|MK42 8HR
497|Zoe|Young|wenzlaff@mac.com|76|BT28 3TX
498|Leah|Buckland|jcholewa@msn.com|99|SA9 1NA
499|Edward|Rutherford|benanov@aol.com|57|BA11 1QS
500|Diana|Watson|william@mac.com|22|ME10 5NA
501|Sue|Terry|paulv@live.com|96|BR6 8LA
502|Nicholas|Jones|pakaste@yahoo.ca|65|SN4 0SN
503|Charles|Bell|bowmanbs@outlook.com|66|YO43 3NP
504|Fiona|Gill|bockelboy@outlook.com|65|PE30 3UY
505|Warren|Russell|cosimo@outlook.com|51|BT47 2DB
506|William|Morgan|philb@optonline.net|41|SM6 8RE
507|Victoria|Manning|aibrahim@me.com|80|E3 2FD
508|Grace|Ellison|hstiles@optonline.net|20|GL1 3LZ
509|Harry|Mills|xnormal@msn.com|89|WS11 5TE
510|Austin|McGrath|konst@att.net|34|TR11 2HD
511|Piers|Davidson|granboul@optonline.net|30|M4 7EX
512|Christopher|Cornish|budinger@yahoo.com|49|HA6 1SF
513|Trevor|Dowd|doche@live.com|62|DE24 8XG
514|Sean|Skinner|boein@comcast.net|75|JE2 7LA
515|Pippa|Reid|citizenl@msn.com|62|BT12 7HB
516|William|Peters|scato@sbcglobal.net|53|L12 0DF
517|Wanda|Russell|mcraigw@aol.com|28|DG12 6LL
518|Ella|Thomson|akoblin@comcast.net|62|OL8 3NL
519|Rebecca|Alsop|miltchev@msn.com|77|EH14 5LH
520|Bella|North|leakin@me.com|99|CV1 5GX
521|Nathan|Chapman|natepuri@optonline.net|78|SO41 9DP
522|Molly|Russell|jmcnamara@msn.com|48|SN15 1NU
523|Amy|Ferguson|empathy@aol.com|82|SO32 2NT
524|Olivia|Gray|tfinniga@att.net|63|SE20 7JZ
525|Joe|Hudson|killmenow@comcast.net|77|NE3 4HE
526|Carol|Peake|harpes@gmail.com|74|NP18 1LL
527|Victoria|Burgess|muadip@sbcglobal.net|69|PL4 8NS
528|Sonia|Mills|tubajon@comcast.net|55|SN3 3FL
529|Lisa|Hill|miltchev@sbcglobal.net|31|OX11 0SZ
530|Theresa|North|cyrus@mac.com|96|SG13 8AT
531|Joanne|Cornish|onestab@outlook.com|52|L18 5ER
532|Emily|James|jandrese@msn.com|91|CO7 8LT
533|Jessica|Lawrence|lauronen@aol.com|34|ST10 2QR
534|Connor|James|snunez@aol.com|45|IM7 4AS
535|Leonard|Campbell|floxy@live.com|57|DN2 4HP
536|Gordon|Skinner|tedrlord@sbcglobal.net|96|PO6 1NP
537|Alexander|Hardacre|airship@outlook.com|65|E16 1QX
538|Emma|Fraser|bader@hotmail.com|29|WF4 5NR
539|Rebecca|Payne|nasor@att.net|81|G46 6XF
540|Audrey|Wilson|frikazoyd@optonline.net|71|CR6 9LD
541|Brian|Peters|euice@gmail.com|65|TF9 9ET
542|Dominic|Sanderson|dvdotnet@outlook.com|66|CV32 6EL
543|Stewart|Butler|dpitts@aol.com|72|BB3 1HY
544|Anne|Lee|mfburgo@att.net|34|NP20 7RT
545|Alan|Forsyth|dmath@hotmail.com|65|LL55 1RH
546|Grace|Vaughan|dsugal@live.com|18|KY15 5AQ
547|Blake|Newman|kiddailey@yahoo.com|22|S63 6NE
548|Jane|Bower|smeier@optonline.net|39|HP18 0XF
549|Sarah|Abraham|webdragon@me.com|83|DH8 8HD
550|Dominic|Ball|donev@yahoo.com|89|IM3 4HD
551|Joe|Bell|chrisj@mac.com|32|YO22 4DW
552|Dorothy|Mitchell|wsnyder@mac.com|88|DG11 1JS
553|Anne|Chapman|privcan@verizon.net|60|PA20 0AP
554|Lily|Nash|wilsonpm@outlook.com|50|S11 8ZQ
555|Katherine|Scott|petersen@msn.com|23|G77 6TD
556|James|Springer|crobles@att.net|42|SA66 7SG
557|Owen|Cameron|ilyaz@msn.com|84|SY7 8DH
558|Neil|Simpson|mobileip@verizon.net|42|IV12 4SB
559|Leonard|Abraham|spadkins@hotmail.com|51|BD6 2LP
560|Jane|Davies|evans@verizon.net|81|LS12 3SL
561|Zoe|Vance|gavinls@yahoo.ca|53|CM13 1LY
562|Oliver|Morrison|jaesenj@gmail.com|59|PO30 2NT
563|Lauren|Tucker|mddallara@optonline.net|42|DG13 0AF
564|Jasmine|Allan|nweaver@yahoo.com|74|ME20 7AX
565|Thomas|McLean|phizntrg@hotmail.com|22|GL7 3LQ
566|Vanessa|Smith|kdawson@gmail.com|75|NW5 1JD
567|Sebastian|Miller|smeier@msn.com|93|DL6 1QA
568|Virginia|Newman|ducasse@outlook.com|83|NP20 5BL
569|William|Wilkins|lcheng@yahoo.com|61|ST3 3BX
570|Christian|Turner|leslie@live.com|93|NE63 8UQ
571|Penelope|Taylor|farber@gmail.com|47|YO31 9HF
572|Dominic|Kelly|drjlaw@aol.com|86|NE32 3HH
573|Sebastian|Wilson|konst@gmail.com|82|EH33 2LP
574|Sonia|Greene|ahuillet@hotmail.com|29|BT34 2JZ
575|Michael|MacLeod|bruck@yahoo.ca|37|CH63 8LX
576|Katherine|Coleman|british@aol.com|93|N17 9EF
577|Lily|Nolan|seemant@gmail.com|87|WA14 2JP
578|Max|Ross|sburke@att.net|77|SW9 0DG
579|Ava|McGrath|jgmyers@live.com|100|BH11 9FD
580|Sean|North|hauma@sbcglobal.net|99|CA13 9DY
581|Thomas|Rees|temmink@live.com|75|NR21 8BF
582|Deirdre|Knox|danzigism@mac.com|20|NE11 0NH
583|Lucas|Bower|jrkorson@icloud.com|30|TN33 0LZ
584|Nicholas|Lewis|paulv@aol.com|47|NE3 2QT
585|Thomas|Poole|wagnerch@aol.com|68|CV11 6DP
586|Jennifer|Hamilton|saridder@gmail.com|32|W12 0PU
587|Sally|Brown|floxy@icloud.com|56|DE12 7QQ
588|Molly|Hardacre|dunstan@msn.com|70|BA6 8TD
589|Sonia|Lewis|uncle@sbcglobal.net|63|KT24 6AU
590|Gordon|Alsop|fwiles@yahoo.com|54|L16 1JZ
591|Anne|Paterson|spadkins@mac.com|78|CO5 0PL
592|Fiona|Buckland|scottzed@mac.com|24|ST5 8NF
593|Connor|Watson|brbarret@verizon.net|29|OL5 0BS
594|Cameron|Russell|daveewart@gmail.com|64|EX31 2HQ
595|Gabrielle|Lambert|cgcra@icloud.com|96|CV13 6EA
596|Isaac|Randall|konit@me.com|26|GU51 2TW
597|Dorothy|King|whimsy@att.net|43|SE13 7LP
598|Jessica|Rees|pdbaby@mac.com|69|SG12 0DZ
599|Sally|Edmunds|jesse@gmail.com|58|NE29 6JW
600|Brandon|Wilkins|uncle@live.com|66|SY11 2LJ
601|Jack|Mathis|amcuri@msn.com|68|SM5 4AA
602|Zoe|Hamilton|lahvak@msn.com|48|WV8 2BN
603|Ian|Vaughan|smcnabb@comcast.net|69|OX13 5PG
604|Boris|Ince|mschilli@yahoo.com|25|S65 3LA
605|Colin|Cameron|sisyphus@optonline.net|35|NE23 7NU
606|Christopher|Welch|jfriedl@mac.com|23|BS36 2NZ
607|Brian|Rees|esbeck@sbcglobal.net|87|ML11 0GX
608|Angela|Vance|eimear@optonline.net|99|NE29 0EX
609|Julia|Oliver|bogjobber@hotmail.com|40|DE65 5EA
610|James|Edmunds|dprice@me.com|41|DE23 8WH
611|Alexandra|North|kaiser@sbcglobal.net|39|WA8 9HR
612|Blake|Harris|seurat@me.com|86|BA1 5RE
613|Luke|Powell|aegreene@optonline.net|54|PL12 4ER
614|Chloe|Vance|mschilli@hotmail.com|51|EH55 8RA
615|Ruth|Sutherland|josem@comcast.net|25|OX3 9AA
616|Alexander|Churchill|kimvette@verizon.net|88|LN3 4NP
617|Christian|Terry|dbindel@comcast.net|65|TN35 5EW
618|Amelia|MacLeod|dburrows@comcast.net|93|SN15 3LX
619|Piers|Bell|jonadab@yahoo.com|29|W11 4HD
620|Matt|Knox|skoch@mac.com|20|TN30 6JZ
621|Samantha|Marshall|nweaver@msn.com|67|N8 8PD
622|Stewart|Duncan|warrior@icloud.com|32|PH15 2BN
623|Amelia|Davidson|uraeus@sbcglobal.net|65|CM18 6TS
624|Julia|Grant|slanglois@gmail.com|76|CH41 3JD
625|Felicity|Anderson|chlim@sbcglobal.net|73|TN24 8EL
626|Dan|Murray|rbarreira@me.com|54|TN5 6RW
627|Victor|Welch|garyjb@yahoo.ca|31|NP20 5GF
628|Claire|Henderson|srour@msn.com|24|S8 7DX
629|Brian|Clark|mmccool@me.com|29|CW5 7PX
630|Karen|Hart|gslondon@gmail.com|44|TQ5 5BD
631|Dorothy|Hunter|xnormal@msn.com|47|WR11 4DS
632|Leah|Dyer|amichalo@icloud.com|49|PR8 2JZ
633|Una|Kelly|ryanvm@verizon.net|96|DN11 9JX
634|Phil|Slater|pgolle@hotmail.com|74|LL32 8UW
635|Michael|Young|mjewell@msn.com|81|CT9 1QA
636|Pippa|Wilkins|jaffe@gmail.com|44|HU7 4ES
637|Amy|Walker|stellaau@outlook.com|88|NR8 6NH
638|Gabrielle|Clarkson|wojciech@mac.com|49|LE15 8NR
639|Olivia|Ogden|seanq@sbcglobal.net|75|HA0 3AT
640|Leonard|Welch|yenya@verizon.net|58|G3 7LH
641|Trevor|King|podmaster@sbcglobal.net|46|W1H 7JA
642|Faith|Buckland|redingtn@optonline.net|65|GL3 3RY
643|Jake|Randall|ehood@sbcglobal.net|86|RH8 9EG
644|Kylie|Paterson|flakeg@comcast.net|83|AB25 1ZA
645|Nicola|Lewis|andrei@optonline.net|65|LE3 6BJ
646|Simon|Black|kenja@att.net|88|TW20 8TW
647|Theresa|Young|redingtn@optonline.net|93|PR9 0RB
648|Andrea|Gray|dwendlan@yahoo.ca|45|TN25 5AN
649|Christopher|Turner|meinkej@hotmail.com|38|TW20 0RS
650|Jacob|McDonald|natepuri@verizon.net|52|SS13 2EY
651|Gavin|Black|wenzlaff@yahoo.ca|53|NR18 9BU
652|Jessica|Newman|frikazoyd@gmail.com|77|ME8 8FF
653|Karen|Mathis|seurat@verizon.net|80|GU16 6JG
654|Irene|Clark|baveja@me.com|37|EX14 2EQ
655|Jasmine|Clarkson|bjornk@yahoo.com|53|NR21 0EF
656|Ryan|Baker|dalamb@verizon.net|31|IP33 3BG
657|Jasmine|Brown|paina@aol.com|98|BB18 6SR
658|Molly|Lewis|daveed@hotmail.com|21|G65 9SL
659|Una|MacDonald|scottlee@yahoo.com|60|IP11 7EN
660|Christopher|Mills|kawasaki@aol.com|74|PO37 6LT
661|Julian|Slater|wayward@sbcglobal.net|49|SO53 4JG
662|Rebecca|Hemmings|lpalmer@mac.com|58|G67 4NS
663|Kylie|Wilson|bdthomas@me.com|23|LA1 3SE
664|Faith|Quinn|rgarton@gmail.com|36|BS16 1JX
665|Molly|Jones|telbij@outlook.com|33|BT41 2QA
666|Rose|McGrath|rogerspl@icloud.com|65|PL9 7RQ
667|Brian|Carr|crimsane@msn.com|26|CM2 8SA
668|Trevor|Jackson|chrwin@gmail.com|47|PL30 3PJ
669|Colin|Wilkins|greear@yahoo.com|83|CH43 7QD
670|Trevor|Piper|hutton@icloud.com|23|SO30 2FE
671|Caroline|McGrath|parksh@outlook.com|72|NP12 3JX
672|Kevin|Welch|reeds@gmail.com|57|NW10 7BR
673|Ruth|Parr|cgreuter@msn.com|44|L17 8XE
674|Liam|Welch|jadavis@msn.com|95|BN17 6GP
675|Blake|Anderson|kudra@optonline.net|76|TW3 2DL
676|Piers|Poole|ivoibs@comcast.net|30|MK14 6FE
677|Zoe|Hughes|thrymm@aol.com|39|NE61 1YJ
678|Karen|Baker|harryh@sbcglobal.net|69|SA4 9QZ
679|Chloe|Gray|mddallara@outlook.com|68|DE24 3LN
680|Emma|McGrath|mpiotr@att.net|74|GU29 0AQ
681|Claire|Peters|hahiss@verizon.net|48|DN31 1XY
682|Molly|Wallace|cumarana@gmail.com|77|RG8 9NN
683|Anthony|Kerr|uncle@comcast.net|59|RH10 4HE
684|Adrian|Howard|credmond@optonline.net|49|CM22 7JA
685|Rose|Gibson|rattenbt@aol.com|91|HP3 9RD
686|Jake|Slater|rfoley@live.com|20|BL7 9AB
687|Harry|Bower|seemant@yahoo.com|54|HS1 2AF
688|Alexander|McDonald|jdhildeb@icloud.com|41|UB10 8BY
689|Ella|Fraser|lbaxter@msn.com|26|GU30 7PH
690|Michael|Lambert|tellis@att.net|19|FY3 8AP
691|Sebastian|Fraser|ewaters@yahoo.com|30|CB23 4GB
692|Dan|Wright|munge@msn.com|93|WV98 1XT
693|Christopher|Fraser|sisyphus@att.net|49|N15 4AT
694|Jacob|Hunter|jginspace@aol.com|18|NR12 9EG
695|Joseph|Coleman|jbarta@verizon.net|71|PL5 1UQ
696|Simon|Bell|salesgeek@verizon.net|43|WN6 7QN
697|Pippa|Fraser|jimxugle@outlook.com|22|SL6 2UA
698|Melanie|Wilkins|kmiller@sbcglobal.net|72|ST4 8DD
699|Blake|Langdon|pierce@mac.com|92|UB9 5PF
700|Jasmine|Blake|jeffcovey@msn.com|96|S42 5ES
701|Wendy|Welch|graham@msn.com|21|M14 6UW
702|Fiona|Davies|dcoppit@verizon.net|19|BS37 6PJ
703|Una|Morrison|phish@att.net|40|M21 0GT
704|Warren|Slater|mbswan@gmail.com|98|BN13 1LJ
705|Carol|Harris|msroth@optonline.net|60|DE24 8RE
706|Oliver|White|hling@att.net|64|CR90 9DP
707|Nathan|Miller|cisugrad@gmail.com|71|EH1 1SJ
708|Hannah|May|chinthaka@msn.com|95|BD10 0PD
709|Jasmine|Jackson|weazelman@yahoo.com|84|M16 0DE
710|Ruth|White|monopole@att.net|42|WC1H 9EZ
711|Sonia|Fisher|peterhoeg@sbcglobal.net|74|NE13 6HF
712|Eric|Fisher|onestab@verizon.net|56|DE11 0AR
713|Jasmine|Hill|flaviog@optonline.net|68|BA4 5DD
714|Connor|Poole|zavadsky@mac.com|89|BN16 4GU
715|Christian|Wilkins|tubajon@msn.com|33|SN6 8FP
716|Leonard|Johnston|amimojo@live.com|50|SG9 9GH
717|Benjamin|Davies|thomasj@verizon.net|98|ME19 6NA
718|Victoria|Reid|mhassel@mac.com|87|CO7 9BT
719|Kevin|Vance|monopole@me.com|24|HG1 1HW
720|Owen|Taylor|cparis@verizon.net|73|IV2 7UX
721|Irene|Hodges|webinc@outlook.com|72|NE26 4RQ
722|Lucas|Hill|mhoffman@msn.com|35|M14 5RT
723|Claire|Ince|phish@att.net|91|BT21 0LW
724|Yvonne|Dowd|nasor@yahoo.ca|64|B64 6JA
725|Austin|Slater|jacks@hotmail.com|72|EH48 2JZ
726|Liam|Davidson|alfred@sbcglobal.net|33|YO8 9ED
727|Phil|Forsyth|solomon@yahoo.com|19|IP4 3EZ
728|Frank|Peters|bcevc@mac.com|58|IG4 5LR
729|Ian|Rutherford|parasite@comcast.net|42|W4 3JW
730|Abigail|Bailey|wortmanj@att.net|73|IG2 7JL
731|Mary|King|mastinfo@optonline.net|68|CV32 5NJ
732|Caroline|Walker|kuparine@hotmail.com|44|L18 0HB
733|Lucas|North|grdschl@verizon.net|38|CV23 8US
734|Matt|Howard|hager@hotmail.com|50|GL2 9LJ
735|Pippa|Morrison|sinkou@live.com|65|TW9 9BW
736|Melanie|Baker|redingtn@live.com|19|LL13 9YG
737|Megan|Fisher|harryh@comcast.net|61|IP28 6TW
738|Nathan|Coleman|bescoto@outlook.com|80|TR16 5PZ
739|Thomas|Forsyth|presoff@verizon.net|44|SE16 2NE
740|Simon|Ferguson|pakaste@comcast.net|65|DE45 1HH
741|Emily|Thomson|doche@hotmail.com|97|SG18 9QF
742|Jake|Rees|hampton@me.com|64|BT79 8JQ
743|Elizabeth|Miller|offthelip@me.com|58|SR3 2BF
744|Peter|Paterson|kuparine@me.com|27|ST18 0UP
745|Oliver|Vance|wagnerch@icloud.com|90|EX1 1SL
746|Liam|Taylor|yenya@msn.com|87|EN9 2ES
747|Ella|Oliver|mlewan@att.net|65|PO13 8GX
748|David|Dowd|comdig@aol.com|49|SA61 1HQ
749|Stewart|Pullman|stinson@icloud.com|93|DT2 8RT
750|Jan|Bower|mbrown@yahoo.com|61|SW8 1UU
751|Gabrielle|McGrath|microfab@gmail.com|34|SK23 0JS
752|Dan|Oliver|michiel@live.com|46|NR25 6FH
753|Theresa|Baker|alias@comcast.net|21|RG9 3ET
754|Theresa|Hart|sravani@msn.com|74|WF1 2TA
755|Julian|Harris|wmszeliga@optonline.net|25|GU14 8HN
756|Joan|Chapman|portele@yahoo.com|88|PR7 5WJ
757|Elizabeth|Springer|dawnsong@hotmail.com|38|HU5 4QT
758|Edward|Simpson|luvirini@optonline.net|88|SW17 9BS
759|Robert|MacLeod|noahb@mac.com|36|NG23 6BS
760|Gavin|Bailey|shang@hotmail.com|52|E4 7BQ
761|Keith|Springer|joglo@outlook.com|92|BH25 5HE
762|Joshua|Ogden|sonnen@comcast.net|32|W1U 1QR
763|Austin|Greene|research@icloud.com|26|LE4 6PD
764|Michael|Fisher|greear@msn.com|67|SE1P 5TB
765|Phil|Sanderson|yxing@msn.com|51|CR5 3FR
766|Keith|Morrison|mbalazin@icloud.com|66|RH15 9JP
767|Stephen|Forsyth|mthurn@att.net|46|L23 9AD
768|Ava|Wallace|ngedmond@sbcglobal.net|83|DN37 0RH
769|Max|Blake|aardo@optonline.net|42|G61 1EB
770|Natalie|Walker|gilmoure@me.com|86|SS2 4RS
771|Stephen|Manning|dbrobins@mac.com|39|BN11 1TF
772|Jennifer|Cornish|sblack@outlook.com|51|M44 6ZA
773|Wanda|Reid|srour@yahoo.com|44|SA43 1EJ
774|Sue|Hughes|mastinfo@me.com|51|EH16 5UU
775|Amy|Sanderson|jbryan@msn.com|27|BS27 3NW
776|Nicola|Henderson|pspoole@optonline.net|54|NP11 6JT
777|Dorothy|Wallace|seemant@gmail.com|56|SE18 3LJ
778|Brandon|Rampling|heckerman@sbcglobal.net|87|AB25 2NS
779|Pippa|McLean|saridder@optonline.net|80|SA6 6PP
780|Luke|Hemmings|pkplex@optonline.net|90|ME5 9LG
781|Lauren|Anderson|mcsporran@aol.com|90|OX11 8NY
782|Julian|Wilkins|telbij@yahoo.ca|65|GL51 6JJ
783|Christopher|Glover|aibrahim@aol.com|93|CW7 4BB
784|Heather|Vaughan|syncnine@comcast.net|54|RH16 1UH
785|Samantha|Ince|ghost@yahoo.ca|28|W1S 2XZ
786|Nathan|Marshall|pajas@icloud.com|37|SO53 2NU
787|Edward|Turner|ccohen@optonline.net|96|BR2 9FY
788|Kimberly|Bell|british@me.com|81|GU34 1EE
789|Deirdre|Quinn|jsnover@att.net|60|PA4 8TH
790|Luke|Henderson|steve@icloud.com|35|WV9 5BU
791|Bernadette|Gill|netsfr@optonline.net|66|SO19 6DB
792|Anne|Mathis|citadel@aol.com|85|SY5 7NB
793|John|May|jmorris@comcast.net|18|TR9 6HZ
794|Gordon|Brown|lauronen@mac.com|69|BN22 0SH
795|Dan|Sanderson|avalon@aol.com|99|DN10 5ED
796|Cameron|Skinner|noticias@verizon.net|43|DD10 0TX
797|Jacob|Walker|vertigo@sbcglobal.net|54|NG5 4AG
798|Chloe|Ogden|janusfury@hotmail.com|44|PA5 8TJ
799|Justin|Ince|murdocj@yahoo.ca|30|TQ2 6SB
800|Emma|Duncan|donev@icloud.com|84|PO13 0ST
801|Sue|Payne|gtaylor@optonline.net|22|E4 9LS
802|Michael|Sanderson|johnbob@hotmail.com|83|B6 5TY
803|Anna|Mitchell|drolsky@sbcglobal.net|28|BT60 2SB
804|Leah|Scott|research@comcast.net|18|M12 4WX
805|Ella|Randall|donev@comcast.net|96|BD10 9LA
806|Andrea|Wilson|marin@sbcglobal.net|21|OX7 5QQ
807|Leah|Wilson|munjal@live.com|88|PE14 8EZ
808|Sonia|Johnston|amaranth@msn.com|82|CR0 3GT
809|William|Stewart|drewf@mac.com|19|TS26 9NB
810|Christopher|Greene|fairbank@verizon.net|25|PE31 7AL
811|Katherine|North|grossman@optonline.net|70|WD5 0BB
812|Amy|Alsop|monkeydo@sbcglobal.net|95|NP44 3FG
813|Jake|Mills|warrior@mac.com|43|NR14 8TX
814|Andrea|Sharp|dprice@att.net|94|CF42 5HD
815|Jane|Bond|dieman@yahoo.ca|60|CA28 7RB
816|Charles|Morgan|joglo@sbcglobal.net|58|AB53 5XS
817|Julian|Davidson|jusdisgi@optonline.net|68|KT17 1SB
818|Liam|Anderson|boftx@yahoo.com|70|DH9 8NE
819|Stephen|Mackenzie|danzigism@me.com|49|CM12 2AN
820|Piers|Wilson|seasweb@aol.com|85|NE33 5HX
821|Kylie|Sanderson|solomon@outlook.com|73|NN14 1JD
822|Abigail|Ogden|jelmer@msn.com|67|ST10 1XZ
823|Carolyn|Mathis|mgemmons@yahoo.com|38|CM6 2LX
824|Megan|Cornish|kuparine@optonline.net|86|PR9 8GR
825|Faith|Hudson|reeds@optonline.net|80|ME12 4BQ
826|Isaac|Sharp|agolomsh@gmail.com|73|CO1 2AP
827|Chloe|Grant|leviathan@yahoo.com|94|LL57 4UU
828|Leah|Fraser|jdhedden@optonline.net|65|MK6 4BE
829|Robert|Sharp|augusto@mac.com|89|GU1 4LN
830|Piers|Harris|parksh@live.com|66|BA11 1FR
831|Jane|Ogden|larry@icloud.com|27|BT45 9SS
832|Gabrielle|Fraser|bachmann@optonline.net|54|SW18 4LN
833|Peter|Lambert|meder@aol.com|46|SW16 5QN
834|Chloe|Hardacre|rsteiner@att.net|95|LE8 5UQ
835|Jane|Skinner|tbmaddux@verizon.net|21|ME11 5LA
836|Chloe|Kerr|akoblin@verizon.net|46|NP10 8AD
837|Nicholas|Oliver|caidaperl@gmail.com|71|SA2 8BD
838|Bernadette|Brown|paley@sbcglobal.net|30|OL2 7RR
839|Grace|Cornish|matsn@hotmail.com|91|L12 2AE
840|Ava|Randall|ahmad@comcast.net|29|NE4 6HJ
841|Diane|Russell|nogin@att.net|41|BS3 2QP
842|Dominic|Glover|msusa@verizon.net|27|HA8 7SG
843|Thomas|Davies|ghost@icloud.com|27|SL6 2HY
844|Stephen|Mitchell|hamilton@comcast.net|86|GL2 5AU
845|Boris|Campbell|majordick@yahoo.com|41|WD3 1BA
846|Sean|Abraham|bmcmahon@icloud.com|65|BS5 8SZ
847|Richard|Miller|miami@live.com|20|SW9 9DG
848|Leah|Quinn|anicolao@aol.com|76|PR2 9PB
849|Anne|Peters|gordonjcp@gmail.com|84|UB5 5ER
850|Audrey|Powell|kronvold@live.com|57|LE2 9DG
851|Sonia|Mathis|specprog@mac.com|41|N1P 1SJ
852|Natalie|Stewart|amimojo@yahoo.com|80|N1 9RU
853|Tracey|Baker|openldap@mac.com|51|CA2 6PB
854|Samantha|Newman|papathan@outlook.com|80|RH19 4BL
855|Frank|Dowd|yzheng@aol.com|54|LS13 2RS
856|Emma|Miller|enintend@sbcglobal.net|55|IM4 3BH
857|Frank|Walker|wikinerd@aol.com|83|TN16 3UL
858|Lillian|Rutherford|sethbrown@msn.com|91|BT55 7HL
859|Richard|Hamilton|rnewman@sbcglobal.net|38|CA20 1LB
860|Emma|Randall|seasweb@sbcglobal.net|97|YO23 2RW
861|Simon|Graham|goresky@outlook.com|37|B45 8TQ
862|Colin|Murray|frostman@yahoo.ca|47|NE16 6HN
863|Lauren|White|sonnen@gmail.com|21|PE13 4PG
864|Gabrielle|Welch|ajohnson@comcast.net|44|KA1 1RP
865|Brian|Welch|earmstro@icloud.com|44|BN41 1DE
866|Kevin|Randall|lamky@aol.com|24|CH7 1DB
867|Matt|Young|improv@msn.com|79|RM17 6SB
868|Rebecca|Hodges|okroeger@hotmail.com|20|CF32 8RP
869|Elizabeth|Paige|akoblin@icloud.com|98|DE7 4PW
870|Amanda|Poole|chlim@live.com|37|DN15 7LQ
871|Joe|Oliver|garland@msn.com|40|NR14 8HG
872|Sam|Pullman|karasik@hotmail.com|98|BT13 3RB
873|Tracey|Smith|marin@icloud.com|69|HG3 1HR
874|Audrey|Anderson|rgiersig@mac.com|86|RH16 3EP
875|Una|Slater|sekiya@msn.com|46|MK10 9HP
876|Angela|Rutherford|sakusha@att.net|37|NR11 6DD
877|Victoria|Graham|fukuchi@att.net|87|LE55 8AB
878|Caroline|Peters|jelmer@me.com|21|SP5 1JH
879|Boris|McDonald|malattia@me.com|36|DY5 2NH
880|Andrea|Henderson|bradl@me.com|38|BS23 1YH
881|James|Skinner|mglee@live.com|58|WR10 2ZN
882|Andrew|Newman|muzzy@yahoo.com|20|BT1 1HP
883|Alexander|Duncan|krueger@yahoo.ca|25|HP2 7AB
884|Alan|Glover|nanop@sbcglobal.net|87|SA6 7QH
885|Jan|James|greear@icloud.com|86|BB18 5RB
886|Connor|Buckland|jrifkin@live.com|36|BD16 4AS
887|Ruth|Cornish|fallorn@live.com|88|WF8 2NB
888|Bella|Smith|aprakash@hotmail.com|25|E13 8AR
889|Rose|Mills|augusto@yahoo.ca|96|KY8 2JQ
890|Emma|Rees|loscar@optonline.net|62|B98 7XQ
891|Christopher|McGrath|sartak@att.net|26|GL53 8QB
892|Audrey|Carr|cparis@sbcglobal.net|100|WS13 6JG
893|Liam|Miller|lbaxter@optonline.net|83|L8 4YN
894|Madeleine|Morrison|barjam@optonline.net|49|BT93 6LQ
895|Phil|Gill|hermes@verizon.net|98|B98 7JP
896|Wendy|Robertson|ilikered@optonline.net|78|TS3 8QP
897|Leonard|Hudson|carroll@sbcglobal.net|48|IP3 9DE
898|Carol|Lewis|mschwartz@live.com|32|L33 4DZ
899|Molly|Gray|dialworld@outlook.com|86|DN19 7FB
900|Amy|White|kalpol@yahoo.com|20|TR26 3HN
901|Sonia|Coleman|gomor@mac.com|70|HP5 2UP
902|Samantha|McDonald|gslondon@gmail.com|71|DA11 7DR
903|Connor|Gill|monopole@comcast.net|56|TS1 9SN
904|Jack|Parr|rsmartin@msn.com|93|W9 3AN
905|Sally|Ball|druschel@icloud.com|26|PR26 7TR
906|Nicola|Gill|tubesteak@yahoo.ca|73|M27 0YH
907|Isaac|Gibson|terjesa@yahoo.ca|80|TS17 8LE
908|David|Campbell|jdray@sbcglobal.net|28|TR13 9LQ
909|Joshua|Thomson|singer@verizon.net|54|SK3 0XE
910|Una|Jones|roamer@hotmail.com|62|WA8 4PG
911|Owen|Simpson|whimsy@aol.com|92|CW5 7GE
912|Sally|Miller|tubajon@comcast.net|77|SY8 3PL
913|Ava|May|arnold@yahoo.com|44|TN31 7UT
914|Gabrielle|MacDonald|lydia@verizon.net|20|BN27 3SE
915|Jane|Glover|ajlitt@att.net|96|WS13 6AR
916|Evan|Fraser|frode@yahoo.ca|26|SK11 0EN
917|Justin|Gill|phizntrg@yahoo.ca|61|TR27 4AS
918|Alexander|Hamilton|mrdvt@yahoo.com|38|IV16 9XD
919|Olivia|Graham|yruan@sbcglobal.net|64|BT27 5SY
920|Jacob|Mitchell|doormat@yahoo.com|52|EH11 2AR
921|Kimberly|Hughes|staffelb@optonline.net|33|ML9 2QS
922|Ian|Terry|guialbu@aol.com|82|NR14 7NH
923|Joan|Morrison|slanglois@sbcglobal.net|76|WV4 5HA
924|Leonard|Rampling|sakusha@yahoo.com|64|LN8 3TU
925|Sophie|Cornish|greear@msn.com|30|DL10 6AZ
926|Trevor|Mackay|jguyer@aol.com|69|KY11 1DL
927|Dylan|Mackay|skythe@comcast.net|62|B69 3LR
928|Brandon|Glover|pgolle@msn.com|53|WC1R 4SG
929|Anna|Payne|wkrebs@sbcglobal.net|77|HA9 6SF
930|Jason|Hodges|eminence@live.com|32|SO16 4AY
931|Dan|Roberts|konst@comcast.net|83|NE34 6AW
932|Ella|Arnold|burns@outlook.com|29|B75 5ED
933|Sue|Metcalfe|jbarta@outlook.com|84|PL25 3AR
934|Ryan|North|gknauss@att.net|92|DD9 7JB
935|Dominic|Wright|dartlife@gmail.com|41|B18 5NS
936|Victor|May|moonlapse@hotmail.com|92|ST4 8PG
937|Bernadette|Hemmings|bjoern@sbcglobal.net|62|S60 2LD
938|Karen|Langdon|mhanoh@msn.com|35|OL7 0TE
939|Carolyn|Bower|penna@gmail.com|97|WC2N 5RN
940|Luke|Mackenzie|sabren@hotmail.com|19|CF11 9QF
941|Joan|Davidson|wildixon@att.net|36|NG5 7BY
942|Madeleine|Buckland|ajlitt@me.com|74|TR26 2HP
943|Michael|Robertson|thaljef@verizon.net|28|CO11 1JT
944|Boris|Kelly|fluffy@yahoo.com|56|DT3 4DP
945|Warren|Lawrence|alias@comcast.net|45|YO17 7HG
946|Harry|Campbell|ideguy@gmail.com|87|E6 5WN
947|Dorothy|Berry|ntegrity@mac.com|99|CO1 1ED
948|Amanda|Mills|jsmith@mac.com|68|G12 9JW
949|William|Lawrence|skajan@hotmail.com|52|GU27 3RD
950|Faith|Springer|biglou@icloud.com|24|GY3 5EA
951|Ava|Cameron|danny@optonline.net|99|LE13 1NR
952|Jason|Robertson|ehood@aol.com|35|BS14 9LN
953|Caroline|Butler|drewf@icloud.com|58|PO12 4ZN
954|Harry|Mathis|drhyde@icloud.com|91|CA8 0AP
955|Heather|McLean|syncnine@verizon.net|61|S63 7ER
956|Abigail|Metcalfe|mschilli@att.net|83|NR14 6UB
957|Frank|Baker|thurston@hotmail.com|29|YO11 3FJ
958|Vanessa|Glover|wikinerd@optonline.net|63|SA62 4LA
959|Kimberly|Kelly|carmena@optonline.net|89|NE22 6NQ
960|Jasmine|MacDonald|konit@mac.com|63|NE37 1HN
961|Jack|Poole|sburke@live.com|89|NN6 9EB
962|Donna|Russell|ranasta@mac.com|51|WF4 6EP
963|Irene|Coleman|sopwith@live.com|37|NP18 2ET
964|Ruth|Mackenzie|scottzed@yahoo.ca|61|RH13 0PB
965|Mary|Watson|sumdumass@yahoo.com|97|L20 2EW
966|Carl|Murray|kostas@verizon.net|86|KA13 7QU
967|Mary|Ogden|agapow@mac.com|59|OX7 9DF
968|Natalie|Piper|shawnce@yahoo.ca|59|EN5 1LJ
969|Christian|Metcalfe|aukjan@gmail.com|39|PE26 2RP
970|Andrea|Roberts|mchugh@me.com|93|L7 1PE
971|Amanda|Ogden|chaikin@icloud.com|67|BB5 5LX
972|Richard|Martin|leviathan@me.com|84|W3 7NJ
973|Caroline|Campbell|mcraigw@gmail.com|82|RG12 2QT
974|Julia|May|mbrown@me.com|88|CV32 5UJ
975|Anne|Pullman|redingtn@outlook.com|63|SA43 2JW
976|Diana|Fisher|murty@sbcglobal.net|85|SY5 7NG
977|Stephanie|Randall|smpeters@gmail.com|37|EX14 3DJ
978|Penelope|Paterson|esasaki@optonline.net|88|SP2 7PD
979|Alexander|Ellison|fglock@sbcglobal.net|44|B37 7SX
980|James|Paterson|mschilli@icloud.com|63|RM8 1YE
981|Brandon|Howard|portscan@optonline.net|47|TW5 9HH
982|Ryan|Piper|onestab@verizon.net|95|DH3 2NE
983|Christopher|Forsyth|muzzy@mac.com|53|HP22 9RD
984|Jonathan|Graham|durist@msn.com|93|DN36 5FR
985|Jake|Edmunds|niknejad@sbcglobal.net|64|HU18 1NF
986|Penelope|Brown|pedwards@hotmail.com|18|SL7 1AL
987|Owen|Burgess|ajohnson@optonline.net|82|UB5 5BU
988|Christian|Watson|nicktrig@live.com|23|EX16 9DS
989|Theresa|McGrath|jshirley@yahoo.ca|91|SE25 6WL
990|Nathan|Lee|madanm@att.net|68|LL13 8YA
991|Gabrielle|Sutherland|marioph@sbcglobal.net|52|RG40 4HE
992|Ava|Russell|bartlett@att.net|65|IP12 2BD
993|Elizabeth|Payne|evilopie@sbcglobal.net|89|G33 6GA
994|Madeleine|Ball|choset@aol.com|41|RH10 1PP
995|Sonia|Lyman|smcnabb@optonline.net|61|WR5 1JX
996|Isaac|Coleman|heckerman@verizon.net|63|SW12 0BB
997|Christian|Young|nweaver@att.net|20|PO14 2JQ
998|Lucas|Chapman|pakaste@aol.com|67|B97 5LP
999|Julia|Ball|crimsane@comcast.net|66|ST3 3AS
1000|Angela|Metcalfe|sartak@verizon.net|54|CM3 5PU
